,timestamp,open,high,low,close
0,2024-06-24T15:15:00+05:30,23547.0,23553.1,23532.9,23545.2
1,2024-06-24T14:45:00+05:30,23519.6,23550.25,23492.25,23545.95
2,2024-06-24T14:15:00+05:30,23520.1,23531.75,23504.5,23519.9
3,2024-06-24T13:45:00+05:30,23536.6,23548.4,23511.0,23519.95
4,2024-06-24T13:15:00+05:30,23546.55,23555.25,23527.6,23536.2
5,2024-06-24T12:45:00+05:30,23522.1,23547.6,23513.65,23546.6
6,2024-06-24T12:15:00+05:30,23534.7,23558.1,23520.2,23522.1
7,2024-06-24T11:45:00+05:30,23501.55,23543.55,23491.5,23534.65
8,2024-06-24T11:15:00+05:30,23497.35,23544.9,23495.95,23501.9
9,2024-06-24T10:45:00+05:30,23479.5,23525.2,23465.7,23497.05
10,2024-06-24T10:15:00+05:30,23446.2,23481.35,23430.75,23480.1
11,2024-06-24T09:45:00+05:30,23386.4,23454.6,23382.95,23445.75
12,2024-06-24T09:15:00+05:30,23382.3,23439.2,23350.0,23386.75
13,2024-06-21T15:15:00+05:30,23476.45,23489.9,23445.65,23455.85
14,2024-06-21T14:45:00+05:30,23460.45,23566.15,23459.65,23476.2
15,2024-06-21T14:15:00+05:30,23567.1,23577.3,23398.2,23460.55
16,2024-06-21T13:45:00+05:30,23466.95,23585.7,23462.5,23567.2
17,2024-06-21T13:15:00+05:30,23452.5,23489.6,23442.25,23467.25
18,2024-06-21T12:45:00+05:30,23460.6,23473.8,23422.4,23453.25
19,2024-06-21T12:15:00+05:30,23539.25,23546.35,23455.45,23460.3
20,2024-06-21T11:45:00+05:30,23548.15,23551.5,23524.6,23539.3
21,2024-06-21T11:15:00+05:30,23529.5,23561.9,23507.0,23548.1
22,2024-06-21T10:45:00+05:30,23544.8,23547.15,23491.5,23529.05
23,2024-06-21T10:15:00+05:30,23585.25,23610.95,23541.1,23546.2
24,2024-06-21T09:45:00+05:30,23588.4,23622.45,23567.05,23584.75
25,2024-06-21T09:15:00+05:30,23661.15,23667.1,23576.1,23589.55
26,2024-06-20T15:15:00+05:30,23566.2,23587.8,23559.85,23578.85
27,2024-06-20T14:45:00+05:30,23581.25,23581.35,23536.35,23566.85
28,2024-06-20T14:15:00+05:30,23563.35,23600.5,23556.35,23579.55
29,2024-06-20T13:45:00+05:30,23611.9,23612.2,23532.5,23562.75
30,2024-06-20T13:15:00+05:30,23552.45,23624.0,23551.0,23612.35
31,2024-06-20T12:45:00+05:30,23538.15,23572.4,23532.5,23552.5
32,2024-06-20T12:15:00+05:30,23556.9,23561.95,23535.0,23538.25
33,2024-06-20T11:45:00+05:30,23553.35,23569.3,23545.15,23556.6
34,2024-06-20T11:15:00+05:30,23533.05,23555.95,23524.05,23552.55
35,2024-06-20T10:45:00+05:30,23531.8,23563.4,23517.3,23533.65
36,2024-06-20T10:15:00+05:30,23488.25,23539.0,23478.05,23531.9
37,2024-06-20T09:45:00+05:30,23508.6,23518.3,23442.6,23487.35
38,2024-06-20T09:15:00+05:30,23586.15,23587.7,23461.75,23508.0
39,2024-06-19T15:15:00+05:30,23509.8,23528.45,23504.6,23521.6
40,2024-06-19T14:45:00+05:30,23611.65,23635.75,23484.15,23511.0
41,2024-06-19T14:15:00+05:30,23560.45,23664.0,23545.85,23611.45
42,2024-06-19T13:45:00+05:30,23538.65,23571.5,23515.8,23560.65
43,2024-06-19T13:15:00+05:30,23552.1,23555.75,23513.5,23538.9
44,2024-06-19T12:45:00+05:30,23559.7,23563.0,23527.0,23552.1
45,2024-06-19T12:15:00+05:30,23557.05,23574.2,23543.05,23559.35
46,2024-06-19T11:45:00+05:30,23542.1,23556.65,23526.35,23556.35
47,2024-06-19T11:15:00+05:30,23504.0,23546.25,23478.55,23542.1
48,2024-06-19T10:45:00+05:30,23460.35,23520.7,23435.5,23503.65
49,2024-06-19T10:15:00+05:30,23523.05,23532.6,23412.9,23461.05
50,2024-06-19T09:45:00+05:30,23579.65,23595.7,23523.0,23523.05
51,2024-06-19T09:15:00+05:30,23629.85,23630.85,23532.1,23580.3
52,2024-06-18T15:15:00+05:30,23556.2,23572.1,23554.55,23560.7
53,2024-06-18T14:45:00+05:30,23534.95,23556.95,23531.85,23555.75
54,2024-06-18T14:15:00+05:30,23539.55,23547.3,23527.95,23534.55
55,2024-06-18T13:45:00+05:30,23538.5,23550.1,23530.7,23539.5
56,2024-06-18T13:15:00+05:30,23532.6,23542.8,23523.85,23538.1
57,2024-06-18T12:45:00+05:30,23526.1,23536.6,23520.2,23532.35
58,2024-06-18T12:15:00+05:30,23533.9,23541.4,23513.7,23527.45
59,2024-06-18T11:45:00+05:30,23542.25,23546.7,23532.05,23533.75
60,2024-06-18T11:15:00+05:30,23541.3,23557.35,23537.3,23542.25
61,2024-06-18T10:45:00+05:30,23535.95,23551.25,23526.95,23540.5
62,2024-06-18T10:15:00+05:30,23542.35,23556.2,23512.85,23536.35
63,2024-06-18T09:45:00+05:30,23553.95,23579.05,23542.35,23542.35
64,2024-06-18T09:15:00+05:30,23570.8,23573.85,23499.7,23553.7
65,2024-06-14T15:15:00+05:30,23472.4,23473.35,23444.6,23453.9
66,2024-06-14T14:45:00+05:30,23455.8,23490.4,23453.45,23471.9
67,2024-06-14T14:15:00+05:30,23446.15,23465.2,23442.1,23455.5
68,2024-06-14T13:45:00+05:30,23442.35,23451.9,23424.15,23446.35
69,2024-06-14T13:15:00+05:30,23459.35,23463.55,23435.35,23442.7
70,2024-06-14T12:45:00+05:30,23437.9,23462.7,23434.0,23459.15
71,2024-06-14T12:15:00+05:30,23439.1,23442.45,23429.55,23437.05
72,2024-06-14T11:45:00+05:30,23445.95,23450.15,23428.0,23439.1
73,2024-06-14T11:15:00+05:30,23448.35,23452.5,23429.7,23445.25
74,2024-06-14T10:45:00+05:30,23450.0,23453.65,23433.9,23448.9
75,2024-06-14T10:15:00+05:30,23437.45,23459.45,23424.9,23450.25
76,2024-06-14T09:45:00+05:30,23341.9,23447.6,23338.75,23437.85
77,2024-06-14T09:15:00+05:30,23464.95,23469.45,23334.25,23342.25
78,2024-06-13T15:15:00+05:30,23398.15,23411.2,23396.75,23399.95
79,2024-06-13T14:45:00+05:30,23398.75,23407.8,23384.6,23399.0
80,2024-06-13T14:15:00+05:30,23393.75,23400.65,23366.25,23398.1
81,2024-06-13T13:45:00+05:30,23405.7,23408.25,23384.1,23393.75
82,2024-06-13T13:15:00+05:30,23410.45,23417.85,23402.9,23407.0
83,2024-06-13T12:45:00+05:30,23392.9,23421.1,23380.9,23411.3
84,2024-06-13T12:15:00+05:30,23391.3,23412.25,23386.4,23393.15
85,2024-06-13T11:45:00+05:30,23377.8,23414.25,23377.8,23391.85
86,2024-06-13T11:15:00+05:30,23366.8,23390.6,23353.9,23377.4
87,2024-06-13T10:45:00+05:30,23382.6,23394.05,23366.05,23367.8
88,2024-06-13T10:15:00+05:30,23408.15,23411.55,23372.15,23382.35
89,2024-06-13T09:45:00+05:30,23384.7,23414.1,23364.05,23408.7
90,2024-06-13T09:15:00+05:30,23480.95,23481.05,23382.3,23383.3
91,2024-06-12T15:15:00+05:30,23326.0,23329.8,23297.75,23308.4
92,2024-06-12T14:45:00+05:30,23379.9,23394.15,23315.6,23325.25
93,2024-06-12T14:15:00+05:30,23352.1,23379.9,23340.5,23378.65
94,2024-06-12T13:45:00+05:30,23400.3,23406.55,23336.95,23352.75
95,2024-06-12T13:15:00+05:30,23411.7,23420.8,23392.5,23400.35
96,2024-06-12T12:45:00+05:30,23412.45,23419.6,23384.05,23411.7
97,2024-06-12T12:15:00+05:30,23413.5,23423.8,23402.9,23412.4
98,2024-06-12T11:45:00+05:30,23401.15,23436.85,23401.15,23413.25
99,2024-06-12T11:15:00+05:30,23411.9,23421.35,23365.0,23402.95
100,2024-06-12T10:45:00+05:30,23435.1,23441.95,23403.05,23412.8
101,2024-06-12T10:15:00+05:30,23410.55,23438.15,23383.75,23436.15
102,2024-06-12T09:45:00+05:30,23372.3,23420.35,23366.85,23408.65
103,2024-06-12T09:15:00+05:30,23344.45,23378.5,23295.95,23372.9
104,2024-06-11T15:15:00+05:30,23264.85,23268.45,23232.0,23264.15
105,2024-06-11T14:45:00+05:30,23333.3,23336.2,23260.35,23264.15
106,2024-06-11T14:15:00+05:30,23330.45,23351.85,23300.95,23332.95
107,2024-06-11T13:45:00+05:30,23379.6,23389.45,23317.75,23330.2
108,2024-06-11T13:15:00+05:30,23333.55,23383.85,23327.55,23379.0
109,2024-06-11T12:45:00+05:30,23336.55,23361.5,23325.65,23331.85
110,2024-06-11T12:15:00+05:30,23330.75,23342.3,23311.05,23337.55
111,2024-06-11T11:45:00+05:30,23324.6,23336.8,23315.0,23331.1
112,2024-06-11T11:15:00+05:30,23329.3,23335.05,23303.7,23324.65
113,2024-06-11T10:45:00+05:30,23320.4,23334.5,23297.9,23328.5
114,2024-06-11T10:15:00+05:30,23311.8,23348.0,23300.3,23321.25
115,2024-06-11T09:45:00+05:30,23252.8,23325.15,23250.35,23312.55
116,2024-06-11T09:15:00+05:30,23283.75,23289.8,23206.65,23252.8
117,2024-06-10T15:15:00+05:30,23261.6,23264.25,23227.15,23234.25
118,2024-06-10T14:45:00+05:30,23297.5,23300.4,23259.75,23262.15
119,2024-06-10T14:15:00+05:30,23363.0,23365.0,23228.45,23297.45
120,2024-06-10T13:45:00+05:30,23358.5,23377.35,23341.7,23363.25
121,2024-06-10T13:15:00+05:30,23332.55,23361.75,23324.15,23358.35
122,2024-06-10T12:45:00+05:30,23336.0,23348.05,23320.9,23333.4
123,2024-06-10T12:15:00+05:30,23307.95,23339.1,23304.9,23333.9
124,2024-06-10T11:45:00+05:30,23341.85,23358.65,23297.5,23308.15
125,2024-06-10T11:15:00+05:30,23337.55,23370.85,23333.75,23342.05
126,2024-06-10T10:45:00+05:30,23326.05,23360.75,23303.0,23337.6
127,2024-06-10T10:15:00+05:30,23315.0,23362.85,23305.3,23327.85
128,2024-06-10T09:45:00+05:30,23325.35,23327.65,23233.05,23315.25
129,2024-06-10T09:15:00+05:30,23319.15,23411.9,23241.35,23324.75
130,2024-06-07T15:15:00+05:30,23287.65,23301.65,23262.8,23267.75
131,2024-06-07T14:45:00+05:30,23240.3,23320.2,23236.25,23287.75
132,2024-06-07T14:15:00+05:30,23244.15,23281.85,23225.1,23238.2
133,2024-06-07T13:45:00+05:30,23224.25,23254.55,23191.8,23243.7
134,2024-06-07T13:15:00+05:30,23207.4,23226.15,23151.85,23226.15
135,2024-06-07T12:45:00+05:30,23218.05,23250.0,23171.8,23208.25
136,2024-06-07T12:15:00+05:30,23189.5,23222.2,23135.85,23217.85
137,2024-06-07T11:45:00+05:30,23132.3,23230.15,23124.1,23189.75
138,2024-06-07T11:15:00+05:30,23075.3,23141.35,23037.9,23132.15
139,2024-06-07T10:45:00+05:30,23033.85,23082.9,23022.45,23075.85
140,2024-06-07T10:15:00+05:30,22980.0,23059.45,22916.6,23033.8
141,2024-06-07T09:45:00+05:30,22943.1,23004.85,22904.35,22980.25
142,2024-06-07T09:15:00+05:30,22821.85,22953.8,22789.05,22942.5
143,2024-06-06T15:15:00+05:30,22824.8,22865.45,22804.35,22851.75
144,2024-06-06T14:45:00+05:30,22726.0,22826.3,22712.8,22825.15
145,2024-06-06T14:15:00+05:30,22781.05,22797.0,22669.5,22727.75
146,2024-06-06T13:45:00+05:30,22843.25,22848.35,22725.05,22781.4
147,2024-06-06T13:15:00+05:30,22699.9,22847.2,22694.95,22841.85
148,2024-06-06T12:45:00+05:30,22719.7,22774.6,22645.15,22699.3
149,2024-06-06T12:15:00+05:30,22720.7,22805.45,22707.9,22719.75
150,2024-06-06T11:45:00+05:30,22796.35,22831.85,22675.8,22720.75
151,2024-06-06T11:15:00+05:30,22897.2,22904.85,22780.25,22796.55
152,2024-06-06T10:45:00+05:30,22864.55,22910.15,22841.75,22896.85
153,2024-06-06T10:15:00+05:30,22787.9,22880.1,22785.25,22862.85
154,2024-06-06T09:45:00+05:30,22731.55,22797.35,22680.0,22786.85
155,2024-06-06T09:15:00+05:30,22798.6,22799.5,22642.6,22732.8
156,2024-06-05T15:15:00+05:30,22635.65,22639.55,22554.65,22573.45
157,2024-06-05T14:45:00+05:30,22578.25,22670.4,22565.45,22635.85
158,2024-06-05T14:15:00+05:30,22476.15,22603.8,22430.05,22577.1
159,2024-06-05T13:45:00+05:30,22428.0,22560.65,22399.6,22475.15
160,2024-06-05T13:15:00+05:30,22377.6,22439.3,22354.0,22428.35
161,2024-06-05T12:45:00+05:30,22303.9,22420.55,22241.25,22377.65
162,2024-06-05T12:15:00+05:30,22311.95,22373.0,22285.15,22302.35
163,2024-06-05T11:45:00+05:30,22353.3,22353.3,22213.15,22311.6
164,2024-06-05T11:15:00+05:30,22350.85,22445.0,22275.0,22357.1
165,2024-06-05T10:45:00+05:30,22050.85,22355.4,22040.4,22351.65
166,2024-06-05T10:15:00+05:30,22061.8,22076.6,21943.95,22051.95
167,2024-06-05T09:45:00+05:30,21932.3,22077.3,21820.9,22063.3
168,2024-06-05T09:15:00+05:30,22128.35,22131.6,21791.95,21932.45
169,2024-06-04T15:15:00+05:30,21948.6,22068.55,21871.45,21995.85
170,2024-06-04T14:45:00+05:30,21990.5,22048.65,21725.3,21949.7
171,2024-06-04T14:15:00+05:30,22061.8,22090.05,21883.45,21989.75
172,2024-06-04T13:45:00+05:30,22070.95,22271.7,21948.3,22061.05
173,2024-06-04T13:15:00+05:30,21944.45,22127.5,21881.5,22071.45
174,2024-06-04T12:45:00+05:30,21793.85,22005.55,21692.0,21944.75
175,2024-06-04T12:15:00+05:30,21591.25,21838.3,21281.45,21794.35
176,2024-06-04T11:45:00+05:30,22128.6,22195.8,21481.8,21591.9
177,2024-06-04T11:15:00+05:30,22097.0,22293.25,22052.35,22127.65
178,2024-06-04T10:45:00+05:30,22552.35,22607.75,22000.6,22095.1
179,2024-06-04T10:15:00+05:30,22832.5,22832.5,22534.3,22553.95
180,2024-06-04T09:45:00+05:30,22584.6,22880.8,22565.65,22833.9
181,2024-06-04T09:15:00+05:30,23179.5,23179.5,22389.85,22584.15
182,2024-06-03T15:15:00+05:30,23265.1,23308.25,23264.9,23307.25
183,2024-06-03T14:45:00+05:30,23261.45,23267.05,23224.15,23264.7
184,2024-06-03T14:15:00+05:30,23239.95,23265.7,23212.3,23262.85
185,2024-06-03T13:45:00+05:30,23203.65,23260.55,23203.1,23240.95
186,2024-06-03T13:15:00+05:30,23227.25,23240.6,23161.0,23203.8
187,2024-06-03T12:45:00+05:30,23213.75,23234.85,23200.9,23228.1
188,2024-06-03T12:15:00+05:30,23221.6,23244.0,23198.6,23213.7
189,2024-06-03T11:45:00+05:30,23205.3,23248.45,23195.7,23221.65
190,2024-06-03T11:15:00+05:30,23173.9,23205.75,23169.45,23204.05
191,2024-06-03T10:45:00+05:30,23146.25,23175.6,23134.45,23175.3
192,2024-06-03T10:15:00+05:30,23197.1,23207.5,23135.85,23146.2
193,2024-06-03T09:45:00+05:30,23105.8,23203.5,23062.3,23197.1
194,2024-06-03T09:15:00+05:30,23337.9,23338.7,23082.7,23105.7
195,2024-05-31T15:15:00+05:30,22523.6,22579.45,22513.85,22550.4
196,2024-05-31T14:45:00+05:30,22505.85,22544.35,22465.1,22523.55
197,2024-05-31T14:15:00+05:30,22607.8,22609.2,22472.5,22506.3
198,2024-05-31T13:45:00+05:30,22573.25,22631.4,22569.2,22605.6
199,2024-05-31T13:15:00+05:30,22535.05,22575.5,22531.65,22570.4
200,2024-05-31T12:45:00+05:30,22519.25,22550.5,22509.4,22535.35
201,2024-05-31T12:15:00+05:30,22512.15,22531.9,22504.1,22518.0
202,2024-05-31T11:45:00+05:30,22553.65,22556.15,22500.55,22513.05
203,2024-05-31T11:15:00+05:30,22529.75,22560.55,22506.25,22553.95
204,2024-05-31T10:45:00+05:30,22533.65,22554.0,22495.85,22530.6
205,2024-05-31T10:15:00+05:30,22533.35,22587.3,22516.25,22532.8
206,2024-05-31T09:45:00+05:30,22635.7,22636.65,22533.7,22535.2
207,2024-05-31T09:15:00+05:30,22568.1,22653.75,22557.7,22634.85
208,2024-05-30T15:15:00+05:30,22477.9,22560.9,22477.0,22556.7
209,2024-05-30T14:45:00+05:30,22463.55,22521.95,22417.0,22478.05
210,2024-05-30T14:15:00+05:30,22523.05,22538.45,22459.15,22464.65
211,2024-05-30T13:45:00+05:30,22540.25,22565.55,22521.0,22522.6
212,2024-05-30T13:15:00+05:30,22576.05,22579.0,22518.55,22538.65
213,2024-05-30T12:45:00+05:30,22569.45,22602.25,22566.95,22576.4
214,2024-05-30T12:15:00+05:30,22567.1,22576.85,22551.25,22568.1
215,2024-05-30T11:45:00+05:30,22545.95,22586.9,22544.5,22567.45
216,2024-05-30T11:15:00+05:30,22563.65,22569.55,22540.9,22546.6
217,2024-05-30T10:45:00+05:30,22591.25,22604.1,22562.75,22563.8
218,2024-05-30T10:15:00+05:30,22558.3,22617.85,22555.3,22590.55
219,2024-05-30T09:45:00+05:30,22608.1,22618.6,22554.0,22558.5
220,2024-05-30T09:15:00+05:30,22617.45,22705.75,22590.3,22608.3
221,2024-05-29T15:15:00+05:30,22710.8,22713.8,22693.35,22703.95
222,2024-05-29T14:45:00+05:30,22718.5,22738.1,22685.45,22711.3
223,2024-05-29T14:15:00+05:30,22753.6,22760.9,22716.35,22719.05
224,2024-05-29T13:45:00+05:30,22780.75,22787.15,22724.3,22752.35
225,2024-05-29T13:15:00+05:30,22765.0,22792.5,22758.25,22780.15
226,2024-05-29T12:45:00+05:30,22753.1,22802.4,22735.55,22764.8
227,2024-05-29T12:15:00+05:30,22744.0,22753.75,22725.9,22752.4
228,2024-05-29T11:45:00+05:30,22722.6,22747.7,22714.05,22745.2
229,2024-05-29T11:15:00+05:30,22725.55,22747.3,22705.6,22722.95
230,2024-05-29T10:45:00+05:30,22750.8,22759.45,22719.95,22725.25
231,2024-05-29T10:15:00+05:30,22757.8,22768.75,22719.45,22752.05
232,2024-05-29T09:45:00+05:30,22809.95,22815.3,22749.9,22757.65
233,2024-05-29T09:15:00+05:30,22762.75,22825.5,22762.25,22809.8
234,2024-05-28T15:15:00+05:30,22893.45,22895.9,22858.5,22868.35
235,2024-05-28T14:45:00+05:30,22911.75,22924.8,22887.25,22893.0
236,2024-05-28T14:15:00+05:30,22926.7,22937.8,22894.25,22911.3
237,2024-05-28T13:45:00+05:30,22951.95,22953.35,22910.65,22926.25
238,2024-05-28T13:15:00+05:30,22944.15,22973.4,22914.1,22950.9
239,2024-05-28T12:45:00+05:30,22913.5,22959.3,22900.1,22945.25
240,2024-05-28T12:15:00+05:30,22939.35,22945.75,22889.1,22914.35
241,2024-05-28T11:45:00+05:30,22957.7,22966.4,22932.65,22939.25
242,2024-05-28T11:15:00+05:30,22968.7,22975.1,22937.65,22957.9
243,2024-05-28T10:45:00+05:30,22982.5,22987.85,22955.6,22968.75
244,2024-05-28T10:15:00+05:30,22957.1,22998.55,22956.65,22983.35
245,2024-05-28T09:45:00+05:30,22963.0,22975.65,22926.35,22957.65
246,2024-05-28T09:15:00+05:30,22977.15,22992.4,22936.55,22962.35
247,2024-05-27T15:15:00+05:30,22939.1,22960.15,22924.15,22932.55
248,2024-05-27T14:45:00+05:30,23016.55,23026.2,22871.2,22938.75
249,2024-05-27T14:15:00+05:30,23068.65,23071.95,23017.45,23017.75
250,2024-05-27T13:45:00+05:30,23072.75,23085.55,23047.5,23068.25
251,2024-05-27T13:15:00+05:30,23075.15,23091.85,23064.45,23073.05
252,2024-05-27T12:45:00+05:30,23100.6,23110.8,23063.4,23074.85
253,2024-05-27T12:15:00+05:30,23068.0,23108.35,23064.1,23100.65
254,2024-05-27T11:45:00+05:30,23020.15,23075.65,23014.0,23067.9
255,2024-05-27T11:15:00+05:30,22988.9,23023.35,22985.8,23018.8
256,2024-05-27T10:45:00+05:30,22998.75,23006.65,22979.6,22988.8
257,2024-05-27T10:15:00+05:30,22950.35,23001.2,22941.8,22998.45
258,2024-05-27T09:45:00+05:30,22996.95,23001.55,22932.0,22950.9
259,2024-05-27T09:15:00+05:30,23038.95,23043.2,22964.1,22997.55
260,2024-05-24T15:15:00+05:30,22959.5,22970.15,22943.25,22950.9
261,2024-05-24T14:45:00+05:30,22989.95,22991.5,22927.8,22958.35
262,2024-05-24T14:15:00+05:30,23005.5,23026.4,22964.05,22990.1
263,2024-05-24T13:45:00+05:30,23007.85,23019.05,22986.6,23005.85
264,2024-05-24T13:15:00+05:30,22991.25,23016.35,22984.9,23007.75
265,2024-05-24T12:45:00+05:30,22983.75,23019.65,22977.45,22991.25
266,2024-05-24T12:15:00+05:30,22970.05,22988.85,22957.5,22984.4
267,2024-05-24T11:45:00+05:30,22975.8,22980.25,22954.3,22969.4
268,2024-05-24T11:15:00+05:30,22959.55,22983.6,22958.85,22976.0
269,2024-05-24T10:45:00+05:30,22949.6,22984.2,22944.45,22959.55
270,2024-05-24T10:15:00+05:30,22919.45,22967.25,22916.8,22949.45
271,2024-05-24T09:45:00+05:30,22971.05,22984.2,22917.9,22919.7
272,2024-05-24T09:15:00+05:30,22930.75,23004.05,22908.0,22972.3
273,2024-05-23T15:15:00+05:30,22978.55,22993.6,22947.55,22952.45
274,2024-05-23T14:45:00+05:30,22928.95,22989.0,22898.75,22978.65
275,2024-05-23T14:15:00+05:30,22913.2,22959.7,22891.85,22928.25
276,2024-05-23T13:45:00+05:30,22834.7,22915.1,22818.8,22914.9
277,2024-05-23T13:15:00+05:30,22830.45,22860.65,22795.85,22833.55
278,2024-05-23T12:45:00+05:30,22830.5,22852.0,22813.6,22830.35
279,2024-05-23T12:15:00+05:30,22758.0,22837.65,22756.5,22830.7
280,2024-05-23T11:45:00+05:30,22722.45,22768.65,22712.25,22758.85
281,2024-05-23T11:15:00+05:30,22696.75,22733.7,22696.45,22722.7
282,2024-05-23T10:45:00+05:30,22660.75,22722.15,22656.1,22696.8
283,2024-05-23T10:15:00+05:30,22674.0,22719.35,22642.45,22660.45
284,2024-05-23T09:45:00+05:30,22679.6,22689.35,22657.3,22674.5
285,2024-05-23T09:15:00+05:30,22614.1,22686.7,22577.45,22680.3
286,2024-05-22T15:15:00+05:30,22597.65,22629.5,22594.6,22622.25
287,2024-05-22T14:45:00+05:30,22589.75,22616.3,22536.55,22597.9
288,2024-05-22T14:15:00+05:30,22575.25,22593.0,22570.85,22589.2
289,2024-05-22T13:45:00+05:30,22576.5,22608.15,22562.7,22576.8
290,2024-05-22T13:15:00+05:30,22564.3,22585.85,22559.05,22577.65
291,2024-05-22T12:45:00+05:30,22559.3,22577.25,22549.55,22565.1
292,2024-05-22T12:15:00+05:30,22564.2,22586.4,22552.5,22561.15
293,2024-05-22T11:45:00+05:30,22538.7,22568.2,22536.15,22564.25
294,2024-05-22T11:15:00+05:30,22546.5,22556.6,22530.4,22539.15
295,2024-05-22T10:45:00+05:30,22545.95,22575.55,22527.45,22546.3
296,2024-05-22T10:15:00+05:30,22558.6,22563.25,22535.05,22546.4
297,2024-05-22T09:45:00+05:30,22506.1,22566.6,22483.15,22558.4
298,2024-05-22T09:15:00+05:30,22576.6,22577.4,22496.75,22506.35
299,2024-05-21T15:15:00+05:30,22526.15,22530.15,22498.25,22509.0
300,2024-05-21T14:45:00+05:30,22546.5,22551.85,22506.15,22525.35
301,2024-05-21T14:15:00+05:30,22535.65,22551.45,22525.75,22547.1
302,2024-05-21T13:45:00+05:30,22542.2,22561.4,22531.75,22535.5
303,2024-05-21T13:15:00+05:30,22573.05,22578.5,22532.2,22542.2
304,2024-05-21T12:45:00+05:30,22553.45,22591.1,22550.75,22573.75
305,2024-05-21T12:15:00+05:30,22546.45,22556.8,22524.75,22553.55
306,2024-05-21T11:45:00+05:30,22516.2,22547.8,22513.5,22546.3
307,2024-05-21T11:15:00+05:30,22503.8,22522.7,22498.35,22515.9
308,2024-05-21T10:45:00+05:30,22457.65,22507.75,22454.1,22503.85
309,2024-05-21T10:15:00+05:30,22465.75,22482.75,22457.8,22458.05
310,2024-05-21T09:45:00+05:30,22472.3,22485.75,22449.0,22465.7
311,2024-05-21T09:15:00+05:30,22404.55,22509.05,22404.55,22473.5
312,2024-05-18T12:00:00+05:30,22494.75,22511.8,22487.4,22506.8
313,2024-05-18T11:30:00+05:30,22499.05,22505.85,22488.25,22493.5
314,2024-05-18T09:45:00+05:30,22510.2,22512.5,22470.15,22481.9
315,2024-05-18T09:15:00+05:30,22512.85,22519.85,22495.7,22509.45
316,2024-05-17T15:15:00+05:30,22473.4,22485.75,22461.0,22464.8
317,2024-05-17T14:45:00+05:30,22477.3,22480.65,22443.5,22474.4
318,2024-05-17T14:15:00+05:30,22483.1,22491.55,22466.1,22477.4
319,2024-05-17T13:45:00+05:30,22475.15,22493.3,22469.7,22482.1
320,2024-05-17T13:15:00+05:30,22474.0,22502.15,22455.8,22475.3
321,2024-05-17T12:45:00+05:30,22474.2,22479.0,22441.45,22474.6
322,2024-05-17T12:15:00+05:30,22458.55,22486.45,22456.75,22474.35
323,2024-05-17T11:45:00+05:30,22484.1,22490.8,22453.7,22458.1
324,2024-05-17T11:15:00+05:30,22469.2,22485.0,22441.5,22483.5
325,2024-05-17T10:45:00+05:30,22457.95,22473.7,22425.35,22469.3
326,2024-05-17T10:15:00+05:30,22390.85,22471.65,22382.75,22458.0
327,2024-05-17T09:45:00+05:30,22358.9,22420.2,22351.65,22391.8
328,2024-05-17T09:15:00+05:30,22415.25,22431.25,22345.65,22359.25
329,2024-05-16T15:15:00+05:30,22403.45,22432.25,22388.8,22394.65
330,2024-05-16T14:45:00+05:30,22243.4,22408.75,22240.2,22403.25
331,2024-05-16T14:15:00+05:30,22065.1,22245.5,22060.45,22244.05
332,2024-05-16T13:45:00+05:30,22072.25,22137.2,22054.55,22065.5
333,2024-05-16T13:15:00+05:30,22128.55,22128.65,22058.8,22070.2
334,2024-05-16T12:45:00+05:30,22174.55,22186.85,22103.8,22128.15
335,2024-05-16T12:15:00+05:30,22291.15,22303.55,22143.1,22174.85
336,2024-05-16T11:45:00+05:30,22182.4,22290.35,22149.55,22289.5
337,2024-05-16T11:15:00+05:30,22146.75,22182.4,22105.95,22182.4
338,2024-05-16T10:45:00+05:30,22213.5,22215.1,22127.35,22147.1
339,2024-05-16T10:15:00+05:30,22244.7,22250.75,22165.15,22215.25
340,2024-05-16T09:45:00+05:30,22239.2,22265.75,22216.35,22244.45
341,2024-05-16T09:15:00+05:30,22319.2,22330.0,22236.35,22239.35
342,2024-05-15T15:15:00+05:30,22203.45,22214.95,22188.9,22210.2
343,2024-05-15T14:45:00+05:30,22201.85,22233.55,22183.45,22205.05
344,2024-05-15T14:15:00+05:30,22210.4,22217.95,22182.15,22202.45
345,2024-05-15T13:45:00+05:30,22190.3,22225.8,22168.45,22211.45
346,2024-05-15T13:15:00+05:30,22191.2,22207.85,22164.3,22189.7
347,2024-05-15T12:45:00+05:30,22204.15,22217.3,22185.1,22191.9
348,2024-05-15T12:15:00+05:30,22203.85,22214.75,22175.55,22204.5
349,2024-05-15T11:45:00+05:30,22184.35,22228.75,22179.75,22204.05
350,2024-05-15T11:15:00+05:30,22230.45,22239.25,22164.5,22184.45
351,2024-05-15T10:45:00+05:30,22165.0,22254.9,22158.65,22230.35
352,2024-05-15T10:15:00+05:30,22190.4,22202.2,22151.75,22165.2
353,2024-05-15T09:45:00+05:30,22283.95,22297.55,22168.9,22189.6
354,2024-05-15T09:15:00+05:30,22255.6,22286.05,22241.6,22283.55
355,2024-05-14T15:15:00+05:30,22221.1,22226.95,22214.3,22222.6
356,2024-05-14T14:45:00+05:30,22236.25,22248.55,22195.4,22222.05
357,2024-05-14T14:15:00+05:30,22250.7,22266.4,22217.7,22236.9
358,2024-05-14T13:45:00+05:30,22241.4,22270.05,22233.85,22250.85
359,2024-05-14T13:15:00+05:30,22220.35,22241.45,22202.2,22241.25
360,2024-05-14T12:45:00+05:30,22194.45,22236.85,22192.15,22220.45
361,2024-05-14T12:15:00+05:30,22185.3,22200.6,22167.0,22194.65
362,2024-05-14T11:45:00+05:30,22177.3,22202.15,22172.2,22185.3
363,2024-05-14T11:15:00+05:30,22178.9,22189.8,22155.75,22176.75
364,2024-05-14T10:45:00+05:30,22155.75,22180.65,22128.75,22178.9
365,2024-05-14T10:15:00+05:30,22099.2,22155.35,22098.8,22155.25
366,2024-05-14T09:45:00+05:30,22143.5,22167.55,22081.25,22099.1
367,2024-05-14T09:15:00+05:30,22112.9,22182.7,22095.15,22143.7
368,2024-05-13T15:15:00+05:30,22098.45,22131.65,22092.15,22120.05
369,2024-05-13T14:45:00+05:30,22120.55,22130.7,22070.55,22098.45
370,2024-05-13T14:15:00+05:30,22103.4,22127.15,22080.05,22121.45
371,2024-05-13T13:45:00+05:30,21977.75,22111.65,21967.6,22103.05
372,2024-05-13T13:15:00+05:30,22029.1,22038.05,21934.0,21978.45
373,2024-05-13T12:45:00+05:30,22022.55,22034.9,21989.5,22029.2
374,2024-05-13T12:15:00+05:30,21986.85,22041.0,21967.0,22022.45
375,2024-05-13T11:45:00+05:30,21962.7,21990.55,21947.2,21985.4
376,2024-05-13T11:15:00+05:30,21911.05,21989.75,21910.7,21962.75
377,2024-05-13T10:45:00+05:30,21832.75,21921.55,21821.05,21911.1
378,2024-05-13T10:15:00+05:30,21885.2,21889.75,21824.85,21832.85
379,2024-05-13T09:45:00+05:30,21856.8,21897.7,21828.4,21886.1
380,2024-05-13T09:15:00+05:30,22027.95,22067.3,21851.6,21857.4
381,2024-05-10T15:15:00+05:30,22054.2,22067.45,22041.4,22054.6
382,2024-05-10T14:45:00+05:30,22029.75,22072.4,22020.6,22054.6
383,2024-05-10T14:15:00+05:30,22026.85,22036.8,22009.15,22030.65
384,2024-05-10T13:45:00+05:30,22035.35,22062.4,22018.5,22027.05
385,2024-05-10T13:15:00+05:30,21992.35,22038.45,21985.2,22035.05
386,2024-05-10T12:45:00+05:30,22024.5,22027.3,21985.15,21992.5
387,2024-05-10T12:15:00+05:30,22032.5,22042.2,22000.3,22024.75
388,2024-05-10T11:45:00+05:30,22057.5,22059.65,22015.45,22032.3
389,2024-05-10T11:15:00+05:30,22056.15,22093.75,22041.25,22057.4
390,2024-05-10T10:45:00+05:30,22090.15,22091.1,22012.95,22056.3
391,2024-05-10T10:15:00+05:30,22109.5,22131.3,22078.65,22090.15
392,2024-05-10T09:45:00+05:30,22069.6,22120.25,22053.55,22110.1
393,2024-05-10T09:15:00+05:30,21990.95,22071.45,21950.3,22068.85
394,2024-05-09T15:15:00+05:30,21943.2,21968.15,21932.4,21967.1
395,2024-05-09T14:45:00+05:30,21972.75,22022.85,21942.5,21943.0
396,2024-05-09T14:15:00+05:30,22061.0,22076.9,21968.05,21972.4
397,2024-05-09T13:45:00+05:30,22047.3,22081.95,22025.75,22061.75
398,2024-05-09T13:15:00+05:30,22058.3,22066.0,22021.05,22045.8
399,2024-05-09T12:45:00+05:30,22127.05,22133.15,22030.95,22057.95
400,2024-05-09T12:15:00+05:30,22165.85,22186.15,22125.05,22127.4
401,2024-05-09T11:45:00+05:30,22161.45,22177.45,22148.4,22165.95
402,2024-05-09T11:15:00+05:30,22138.4,22171.55,22122.05,22162.15
403,2024-05-09T10:45:00+05:30,22138.45,22159.6,22125.45,22138.8
404,2024-05-09T10:15:00+05:30,22194.4,22210.25,22130.1,22137.45
405,2024-05-09T09:45:00+05:30,22246.75,22260.25,22188.35,22194.4
406,2024-05-09T09:15:00+05:30,22224.8,22307.75,22221.0,22246.45
407,2024-05-08T15:15:00+05:30,22301.85,22317.55,22293.0,22306.95
408,2024-05-08T14:45:00+05:30,22290.5,22315.6,22272.7,22301.95
409,2024-05-08T14:15:00+05:30,22275.05,22293.1,22244.35,22290.55
410,2024-05-08T13:45:00+05:30,22315.5,22322.35,22259.7,22275.25
411,2024-05-08T13:15:00+05:30,22336.7,22368.65,22285.8,22314.3
412,2024-05-08T12:45:00+05:30,22318.65,22354.35,22318.1,22336.8
413,2024-05-08T12:15:00+05:30,22332.1,22359.05,22303.35,22319.7
414,2024-05-08T11:45:00+05:30,22278.5,22340.05,22277.6,22331.75
415,2024-05-08T11:15:00+05:30,22235.85,22289.1,22235.0,22278.15
416,2024-05-08T10:45:00+05:30,22202.9,22240.0,22194.75,22235.0
417,2024-05-08T10:15:00+05:30,22280.25,22281.3,22185.2,22202.5
418,2024-05-08T09:45:00+05:30,22257.2,22291.8,22220.5,22279.7
419,2024-05-08T09:15:00+05:30,22231.2,22282.65,22185.6,22256.1
420,2024-05-07T15:15:00+05:30,22308.05,22314.7,22295.3,22301.45
421,2024-05-07T14:45:00+05:30,22301.4,22323.3,22281.35,22308.7
422,2024-05-07T14:15:00+05:30,22321.15,22321.6,22256.2,22301.0
423,2024-05-07T13:45:00+05:30,22324.95,22330.4,22292.75,22320.55
424,2024-05-07T13:15:00+05:30,22239.95,22326.5,22237.3,22324.45
425,2024-05-07T12:45:00+05:30,22253.65,22275.8,22237.05,22239.7
426,2024-05-07T12:15:00+05:30,22279.0,22306.2,22252.3,22253.0
427,2024-05-07T11:45:00+05:30,22273.25,22299.7,22258.75,22279.65
428,2024-05-07T11:15:00+05:30,22304.35,22305.35,22232.05,22272.85
429,2024-05-07T10:45:00+05:30,22331.75,22344.75,22298.9,22304.0
430,2024-05-07T10:15:00+05:30,22397.6,22398.35,22317.6,22332.0
431,2024-05-07T09:45:00+05:30,22468.25,22482.8,22376.0,22398.6
432,2024-05-07T09:15:00+05:30,22489.75,22499.05,22441.4,22468.05
433,2024-05-06T15:15:00+05:30,22440.85,22463.2,22434.3,22459.65
434,2024-05-06T14:45:00+05:30,22446.65,22487.3,22417.25,22441.0
435,2024-05-06T14:15:00+05:30,22438.9,22463.7,22409.45,22446.85
436,2024-05-06T13:45:00+05:30,22471.75,22474.25,22436.0,22439.85
437,2024-05-06T13:15:00+05:30,22439.6,22473.85,22412.3,22472.1
438,2024-05-06T12:45:00+05:30,22483.35,22487.85,22438.45,22439.4
439,2024-05-06T12:15:00+05:30,22521.45,22526.45,22471.35,22483.8
440,2024-05-06T11:45:00+05:30,22492.4,22525.4,22475.1,22520.95
441,2024-05-06T11:15:00+05:30,22493.4,22510.8,22462.0,22493.5
442,2024-05-06T10:45:00+05:30,22510.05,22542.7,22494.1,22494.1
443,2024-05-06T10:15:00+05:30,22468.15,22517.85,22439.8,22511.35
444,2024-05-06T09:45:00+05:30,22501.9,22503.9,22433.3,22466.35
445,2024-05-06T09:15:00+05:30,22561.6,22588.8,22433.95,22504.25
446,2024-05-03T15:15:00+05:30,22491.65,22503.85,22450.45,22456.65
447,2024-05-03T14:45:00+05:30,22445.25,22492.95,22426.35,22490.6
448,2024-05-03T14:15:00+05:30,22407.55,22452.1,22380.5,22445.55
449,2024-05-03T13:45:00+05:30,22374.7,22416.0,22348.05,22408.8
450,2024-05-03T13:15:00+05:30,22412.3,22443.7,22358.65,22375.65
451,2024-05-03T12:45:00+05:30,22540.75,22547.4,22396.6,22415.15
452,2024-05-03T12:15:00+05:30,22476.0,22548.35,22471.85,22541.85
453,2024-05-03T11:45:00+05:30,22509.3,22511.1,22454.8,22476.55
454,2024-05-03T11:15:00+05:30,22604.95,22607.05,22474.6,22509.4
455,2024-05-03T10:45:00+05:30,22615.25,22640.1,22583.45,22606.05
456,2024-05-03T10:15:00+05:30,22682.6,22696.7,22593.1,22616.7
457,2024-05-03T09:45:00+05:30,22770.75,22778.25,22675.75,22681.4
458,2024-05-03T09:15:00+05:30,22766.35,22794.7,22754.0,22769.8
459,2024-05-02T15:15:00+05:30,22639.35,22661.95,22633.65,22657.15
460,2024-05-02T14:45:00+05:30,22658.95,22691.9,22633.45,22641.65
461,2024-05-02T14:15:00+05:30,22678.45,22683.35,22640.95,22659.15
462,2024-05-02T13:45:00+05:30,22692.5,22710.5,22668.55,22679.55
463,2024-05-02T13:15:00+05:30,22684.25,22709.05,22677.05,22692.9
464,2024-05-02T12:45:00+05:30,22684.1,22693.3,22662.6,22684.4
465,2024-05-02T12:15:00+05:30,22692.25,22704.7,22674.3,22684.5
466,2024-05-02T11:45:00+05:30,22678.25,22697.0,22667.85,22692.6
467,2024-05-02T11:15:00+05:30,22657.9,22706.9,22631.05,22678.95
468,2024-05-02T10:45:00+05:30,22685.9,22692.85,22655.2,22659.2
469,2024-05-02T10:15:00+05:30,22667.45,22693.75,22655.95,22686.95
470,2024-05-02T09:45:00+05:30,22655.8,22680.35,22617.7,22670.75
471,2024-05-02T09:15:00+05:30,22567.85,22668.4,22567.85,22657.4
472,2024-04-30T15:15:00+05:30,22602.45,22603.8,22568.4,22588.3
473,2024-04-30T14:45:00+05:30,22742.15,22746.85,22600.6,22603.55
474,2024-04-30T14:15:00+05:30,22767.35,22783.35,22742.1,22743.65
475,2024-04-30T13:45:00+05:30,22738.65,22779.75,22726.8,22768.05
476,2024-04-30T13:15:00+05:30,22715.0,22743.0,22707.8,22739.55
477,2024-04-30T12:45:00+05:30,22741.0,22749.35,22706.55,22714.7
478,2024-04-30T12:15:00+05:30,22745.25,22756.1,22726.3,22742.05
479,2024-04-30T11:45:00+05:30,22735.15,22750.75,22723.5,22745.25
480,2024-04-30T11:15:00+05:30,22735.25,22742.3,22721.15,22735.1
481,2024-04-30T10:45:00+05:30,22742.65,22769.1,22709.75,22734.3
482,2024-04-30T10:15:00+05:30,22729.7,22746.15,22722.3,22742.7
483,2024-04-30T09:45:00+05:30,22705.8,22754.85,22696.85,22727.25
484,2024-04-30T09:15:00+05:30,22679.65,22713.2,22661.8,22706.1
485,2024-04-29T15:15:00+05:30,22653.3,22653.75,22626.45,22635.05
486,2024-04-29T14:45:00+05:30,22608.0,22655.8,22599.55,22653.05
487,2024-04-29T14:15:00+05:30,22611.6,22629.6,22605.85,22608.3
488,2024-04-29T13:45:00+05:30,22618.5,22623.8,22599.8,22611.15
489,2024-04-29T13:15:00+05:30,22575.8,22620.7,22566.05,22619.35
490,2024-04-29T12:45:00+05:30,22570.7,22580.65,22560.7,22575.8
491,2024-04-29T12:15:00+05:30,22555.8,22573.85,22546.7,22570.8
492,2024-04-29T11:45:00+05:30,22539.95,22571.55,22537.55,22558.7
493,2024-04-29T11:15:00+05:30,22536.35,22546.35,22525.6,22539.85
494,2024-04-29T10:45:00+05:30,22528.35,22540.4,22512.9,22536.85
495,2024-04-29T10:15:00+05:30,22482.75,22546.95,22478.7,22528.05
496,2024-04-29T09:45:00+05:30,22487.35,22492.2,22441.9,22480.6
497,2024-04-29T09:15:00+05:30,22475.55,22532.5,22468.8,22488.1
498,2024-04-26T15:15:00+05:30,22408.25,22461.6,22408.25,22452.5
499,2024-04-26T14:45:00+05:30,22445.4,22461.45,22385.55,22408.25
500,2024-04-26T14:15:00+05:30,22446.45,22464.3,22421.5,22446.65
501,2024-04-26T13:45:00+05:30,22444.2,22450.0,22419.9,22445.25
502,2024-04-26T13:15:00+05:30,22508.35,22512.75,22424.75,22444.5
503,2024-04-26T12:45:00+05:30,22503.7,22517.9,22490.75,22509.95
504,2024-04-26T12:15:00+05:30,22523.65,22530.45,22494.75,22503.9
505,2024-04-26T11:45:00+05:30,22543.6,22550.45,22511.75,22524.75
506,2024-04-26T11:15:00+05:30,22517.4,22547.6,22511.05,22542.95
507,2024-04-26T10:45:00+05:30,22535.0,22554.45,22513.5,22515.9
508,2024-04-26T10:15:00+05:30,22537.3,22555.5,22507.5,22535.2
509,2024-04-26T09:45:00+05:30,22593.55,22600.45,22516.35,22538.15
510,2024-04-26T09:15:00+05:30,22620.4,22620.4,22575.35,22593.0
511,2024-04-25T15:15:00+05:30,22571.05,22576.1,22549.4,22558.5
512,2024-04-25T14:45:00+05:30,22603.05,22606.55,22567.9,22570.25
513,2024-04-25T14:15:00+05:30,22576.4,22625.95,22566.55,22601.15
514,2024-04-25T13:45:00+05:30,22486.0,22600.0,22484.35,22577.25
515,2024-04-25T13:15:00+05:30,22452.9,22486.15,22428.9,22485.85
516,2024-04-25T12:45:00+05:30,22396.2,22462.9,22386.15,22452.15
517,2024-04-25T12:15:00+05:30,22397.8,22412.5,22380.4,22396.45
518,2024-04-25T11:45:00+05:30,22412.15,22417.65,22387.3,22396.7
519,2024-04-25T11:15:00+05:30,22433.55,22435.35,22381.65,22413.4
520,2024-04-25T10:45:00+05:30,22428.4,22444.4,22339.75,22433.15
521,2024-04-25T10:15:00+05:30,22454.2,22475.55,22422.15,22428.55
522,2024-04-25T09:45:00+05:30,22392.5,22458.4,22372.1,22457.15
523,2024-04-25T09:15:00+05:30,22316.9,22399.05,22305.25,22391.95
524,2024-04-24T15:15:00+05:30,22401.65,22414.95,22397.1,22413.05
525,2024-04-24T14:45:00+05:30,22402.4,22419.85,22384.0,22401.75
526,2024-04-24T14:15:00+05:30,22449.6,22453.15,22385.9,22402.0
527,2024-04-24T13:45:00+05:30,22447.0,22456.45,22437.85,22449.4
528,2024-04-24T13:15:00+05:30,22447.75,22458.95,22437.85,22447.1
529,2024-04-24T12:45:00+05:30,22455.9,22458.0,22432.95,22448.9
530,2024-04-24T12:15:00+05:30,22460.1,22463.3,22452.1,22456.15
531,2024-04-24T11:45:00+05:30,22452.1,22464.9,22438.3,22459.95
532,2024-04-24T11:15:00+05:30,22458.75,22468.1,22450.15,22452.1
533,2024-04-24T10:45:00+05:30,22473.65,22474.3,22457.4,22459.25
534,2024-04-24T10:15:00+05:30,22436.4,22476.45,22435.9,22472.95
535,2024-04-24T09:45:00+05:30,22416.3,22449.9,22410.6,22435.1
536,2024-04-24T09:15:00+05:30,22421.55,22431.0,22399.85,22416.05
537,2024-04-23T15:15:00+05:30,22378.95,22378.95,22349.45,22361.65
538,2024-04-23T14:45:00+05:30,22394.25,22411.85,22359.2,22377.5
539,2024-04-23T14:15:00+05:30,22396.5,22412.6,22387.1,22393.45
540,2024-04-23T13:45:00+05:30,22387.2,22405.3,22377.6,22396.45
541,2024-04-23T13:15:00+05:30,22382.15,22397.6,22358.4,22387.6
542,2024-04-23T12:45:00+05:30,22400.55,22411.8,22369.15,22382.45
543,2024-04-23T12:15:00+05:30,22420.75,22423.6,22400.35,22403.15
544,2024-04-23T11:45:00+05:30,22389.8,22423.25,22383.45,22420.8
545,2024-04-23T11:15:00+05:30,22382.25,22403.15,22378.7,22390.5
546,2024-04-23T10:45:00+05:30,22376.35,22385.75,22355.85,22381.4
547,2024-04-23T10:15:00+05:30,22417.45,22419.4,22376.2,22376.4
548,2024-04-23T09:45:00+05:30,22399.3,22418.85,22368.45,22417.65
549,2024-04-23T09:15:00+05:30,22447.05,22447.55,22382.4,22398.65
550,2024-04-22T15:15:00+05:30,22345.35,22375.65,22334.9,22370.5
551,2024-04-22T14:45:00+05:30,22315.05,22349.7,22307.0,22347.4
552,2024-04-22T14:15:00+05:30,22290.9,22316.1,22272.9,22314.9
553,2024-04-22T13:45:00+05:30,22286.0,22302.05,22281.55,22292.35
554,2024-04-22T13:15:00+05:30,22274.15,22287.1,22258.25,22285.65
555,2024-04-22T12:45:00+05:30,22292.95,22295.65,22257.5,22273.8
556,2024-04-22T12:15:00+05:30,22285.95,22299.65,22275.05,22292.55
557,2024-04-22T11:45:00+05:30,22287.0,22312.1,22282.65,22286.7
558,2024-04-22T11:15:00+05:30,22284.2,22301.2,22273.6,22286.75
559,2024-04-22T10:45:00+05:30,22251.6,22297.4,22240.35,22283.7
560,2024-04-22T10:15:00+05:30,22246.2,22266.2,22229.55,22251.95
561,2024-04-22T09:45:00+05:30,22218.25,22251.5,22198.15,22246.05
562,2024-04-22T09:15:00+05:30,22336.9,22337.1,22212.65,22218.3
563,2024-04-19T15:15:00+05:30,22163.1,22166.0,22129.05,22149.8
564,2024-04-19T14:45:00+05:30,22104.9,22179.55,22101.8,22162.3
565,2024-04-19T14:15:00+05:30,22149.2,22162.75,22100.6,22110.3
566,2024-04-19T13:45:00+05:30,22027.5,22178.5,22019.9,22149.8
567,2024-04-19T13:15:00+05:30,22044.9,22060.75,22009.65,22027.7
568,2024-04-19T12:45:00+05:30,22023.85,22052.9,22007.75,22044.9
569,2024-04-19T12:15:00+05:30,21934.0,22029.0,21926.75,22024.8
570,2024-04-19T11:45:00+05:30,21926.35,21935.3,21898.25,21934.2
571,2024-04-19T11:15:00+05:30,21871.5,21937.15,21866.7,21925.95
572,2024-04-19T10:45:00+05:30,21863.85,21888.0,21850.2,21870.7
573,2024-04-19T10:15:00+05:30,21886.15,21889.85,21853.6,21863.3
574,2024-04-19T09:45:00+05:30,21847.05,21902.8,21836.7,21884.75
575,2024-04-19T09:15:00+05:30,21861.5,21870.95,21777.65,21846.35
576,2024-04-18T15:15:00+05:30,21966.05,22047.85,21961.7,22044.2
577,2024-04-18T14:45:00+05:30,22055.6,22081.8,21961.8,21965.65
578,2024-04-18T14:15:00+05:30,22139.0,22171.3,22055.35,22056.15
579,2024-04-18T13:45:00+05:30,22094.0,22163.8,22091.75,22137.85
580,2024-04-18T13:15:00+05:30,22291.05,22305.4,22080.95,22094.4
581,2024-04-18T12:45:00+05:30,22309.85,22314.0,22282.2,22291.45
582,2024-04-18T12:15:00+05:30,22292.35,22326.5,22291.3,22309.8
583,2024-04-18T11:45:00+05:30,22282.4,22308.5,22271.8,22292.15
584,2024-04-18T11:15:00+05:30,22283.7,22296.35,22264.3,22282.55
585,2024-04-18T10:45:00+05:30,22191.1,22295.55,22165.75,22283.0
586,2024-04-18T10:15:00+05:30,22176.9,22207.6,22153.8,22191.15
587,2024-04-18T09:45:00+05:30,22199.8,22223.1,22163.45,22178.15
588,2024-04-18T09:15:00+05:30,22212.35,22270.65,22181.45,22200.45
589,2024-04-16T15:15:00+05:30,22168.3,22180.05,22153.8,22176.75
590,2024-04-16T14:45:00+05:30,22135.95,22169.75,22108.7,22168.9
591,2024-04-16T14:15:00+05:30,22142.65,22153.05,22119.9,22136.55
592,2024-04-16T13:45:00+05:30,22119.9,22154.3,22114.25,22143.05
593,2024-04-16T13:15:00+05:30,22099.3,22128.4,22079.45,22119.6
594,2024-04-16T12:45:00+05:30,22121.0,22136.05,22099.2,22100.25
595,2024-04-16T12:15:00+05:30,22169.4,22173.2,22118.8,22120.65
596,2024-04-16T11:45:00+05:30,22188.9,22189.35,22149.95,22169.75
597,2024-04-16T11:15:00+05:30,22201.55,22209.05,22182.9,22188.55
598,2024-04-16T10:45:00+05:30,22187.85,22201.9,22183.8,22201.05
599,2024-04-16T10:15:00+05:30,22190.65,22209.4,22156.7,22188.35
600,2024-04-16T09:45:00+05:30,22197.7,22213.75,22167.5,22191.4
601,2024-04-16T09:15:00+05:30,22125.3,22209.75,22103.85,22198.15
602,2024-04-15T15:15:00+05:30,22271.5,22291.3,22262.55,22277.85
603,2024-04-15T14:45:00+05:30,22311.55,22314.95,22259.55,22270.0
604,2024-04-15T14:15:00+05:30,22334.3,22343.25,22295.9,22312.05
605,2024-04-15T13:45:00+05:30,22334.8,22353.9,22332.6,22334.15
606,2024-04-15T13:15:00+05:30,22339.0,22354.3,22320.9,22333.85
607,2024-04-15T12:45:00+05:30,22378.2,22385.65,22321.6,22338.3
608,2024-04-15T12:15:00+05:30,22399.0,22404.05,22364.4,22378.5
609,2024-04-15T11:45:00+05:30,22373.0,22399.45,22355.9,22398.85
610,2024-04-15T11:15:00+05:30,22361.45,22387.85,22357.75,22372.6
611,2024-04-15T10:45:00+05:30,22379.25,22427.45,22361.2,22361.9
612,2024-04-15T10:15:00+05:30,22360.65,22385.4,22344.85,22378.05
613,2024-04-15T09:45:00+05:30,22280.65,22377.5,22279.0,22360.3
614,2024-04-15T09:15:00+05:30,22356.7,22373.55,22263.55,22280.7
615,2024-04-12T15:15:00+05:30,22515.8,22524.05,22503.75,22515.7
616,2024-04-12T14:45:00+05:30,22533.45,22549.05,22510.8,22515.85
617,2024-04-12T14:15:00+05:30,22544.95,22563.75,22532.05,22532.05
618,2024-04-12T13:45:00+05:30,22564.2,22584.35,22538.7,22544.7
619,2024-04-12T13:15:00+05:30,22568.5,22591.5,22558.5,22564.3
620,2024-04-12T12:45:00+05:30,22580.4,22596.2,22544.2,22568.05
621,2024-04-12T12:15:00+05:30,22688.05,22690.3,22553.55,22580.05
622,2024-04-12T11:45:00+05:30,22681.55,22698.2,22679.4,22687.95
623,2024-04-12T11:15:00+05:30,22657.7,22688.6,22656.1,22681.55
624,2024-04-12T10:45:00+05:30,22662.1,22666.75,22650.0,22657.85
625,2024-04-12T10:15:00+05:30,22642.3,22665.95,22627.65,22665.15
626,2024-04-12T09:45:00+05:30,22637.25,22664.65,22626.5,22641.7
627,2024-04-12T09:15:00+05:30,22683.95,22726.45,22624.85,22640.55
628,2024-04-10T15:15:00+05:30,22753.75,22755.65,22730.6,22735.05
629,2024-04-10T14:45:00+05:30,22744.1,22775.7,22729.85,22752.0
630,2024-04-10T14:15:00+05:30,22721.4,22751.95,22718.3,22743.4
631,2024-04-10T13:45:00+05:30,22743.0,22745.3,22711.15,22721.3
632,2024-04-10T13:15:00+05:30,22714.65,22744.45,22709.8,22743.0
633,2024-04-10T12:45:00+05:30,22702.1,22721.15,22691.45,22714.9
634,2024-04-10T12:15:00+05:30,22705.75,22707.6,22691.4,22702.4
635,2024-04-10T11:45:00+05:30,22684.7,22708.45,22678.8,22705.9
636,2024-04-10T11:15:00+05:30,22705.6,22707.45,22673.7,22685.9
637,2024-04-10T10:45:00+05:30,22704.35,22720.05,22695.7,22706.2
638,2024-04-10T10:15:00+05:30,22706.6,22715.25,22690.35,22704.35
639,2024-04-10T09:45:00+05:30,22718.2,22722.7,22680.35,22706.75
640,2024-04-10T09:15:00+05:30,22721.25,22727.25,22678.7,22720.1
641,2024-04-09T15:15:00+05:30,22642.05,22652.7,22639.15,22641.75
642,2024-04-09T14:45:00+05:30,22634.2,22655.65,22633.35,22641.55
643,2024-04-09T14:15:00+05:30,22618.8,22671.9,22612.25,22633.65
644,2024-04-09T13:45:00+05:30,22652.25,22664.3,22616.1,22617.5
645,2024-04-09T13:15:00+05:30,22683.05,22685.85,22651.35,22652.5
646,2024-04-09T12:45:00+05:30,22687.2,22706.55,22682.15,22683.55
647,2024-04-09T12:15:00+05:30,22720.1,22727.5,22668.95,22687.55
648,2024-04-09T11:45:00+05:30,22742.25,22750.0,22708.85,22720.5
649,2024-04-09T11:15:00+05:30,22729.6,22757.5,22727.1,22742.1
650,2024-04-09T10:45:00+05:30,22760.2,22760.75,22727.2,22729.65
651,2024-04-09T10:15:00+05:30,22749.25,22768.4,22733.5,22760.15
652,2024-04-09T09:45:00+05:30,22729.95,22759.35,22729.65,22749.05
653,2024-04-09T09:15:00+05:30,22760.0,22765.3,22675.25,22730.0
654,2024-04-08T15:15:00+05:30,22671.1,22674.35,22657.85,22660.95
655,2024-04-08T14:45:00+05:30,22665.5,22678.8,22655.45,22671.15
656,2024-04-08T14:15:00+05:30,22661.0,22688.25,22660.5,22665.15
657,2024-04-08T13:45:00+05:30,22670.35,22671.7,22642.15,22660.9
658,2024-04-08T13:15:00+05:30,22695.35,22697.3,22634.15,22670.3
659,2024-04-08T12:45:00+05:30,22673.25,22696.5,22668.85,22695.25
660,2024-04-08T12:15:00+05:30,22653.65,22678.3,22651.15,22673.2
661,2024-04-08T11:45:00+05:30,22650.75,22656.25,22638.15,22653.25
662,2024-04-08T11:15:00+05:30,22624.35,22651.95,22622.3,22650.65
663,2024-04-08T10:45:00+05:30,22619.7,22634.3,22610.4,22623.85
664,2024-04-08T10:15:00+05:30,22627.15,22630.9,22605.9,22619.8
665,2024-04-08T09:45:00+05:30,22605.95,22630.85,22586.6,22626.25
666,2024-04-08T09:15:00+05:30,22580.25,22623.9,22550.35,22607.0
667,2024-04-05T15:15:00+05:30,22514.4,22537.6,22501.5,22525.5
668,2024-04-05T14:45:00+05:30,22494.7,22521.1,22489.45,22515.45
669,2024-04-05T14:15:00+05:30,22504.4,22513.9,22487.25,22494.15
670,2024-04-05T13:45:00+05:30,22494.65,22528.9,22489.95,22504.05
671,2024-04-05T13:15:00+05:30,22485.05,22504.45,22479.1,22494.65
672,2024-04-05T12:45:00+05:30,22494.5,22508.3,22475.7,22484.85
673,2024-04-05T12:15:00+05:30,22498.8,22511.85,22490.9,22493.7
674,2024-04-05T11:45:00+05:30,22492.65,22505.55,22485.4,22498.85
675,2024-04-05T11:15:00+05:30,22514.8,22517.1,22473.05,22492.75
676,2024-04-05T10:45:00+05:30,22492.5,22515.35,22486.8,22514.4
677,2024-04-05T10:15:00+05:30,22473.9,22507.3,22458.95,22491.75
678,2024-04-05T09:45:00+05:30,22471.75,22502.65,22451.6,22474.6
679,2024-04-05T09:15:00+05:30,22486.4,22496.35,22427.6,22470.85
680,2024-04-04T15:15:00+05:30,22506.65,22553.95,22506.65,22543.6
681,2024-04-04T14:45:00+05:30,22564.8,22568.1,22486.7,22507.25
682,2024-04-04T14:15:00+05:30,22529.6,22564.95,22525.0,22563.95
683,2024-04-04T13:45:00+05:30,22539.8,22552.75,22493.3,22530.3
684,2024-04-04T13:15:00+05:30,22481.45,22580.2,22470.4,22541.8
685,2024-04-04T12:45:00+05:30,22469.5,22491.35,22456.1,22481.05
686,2024-04-04T12:15:00+05:30,22385.45,22472.5,22377.0,22467.75
687,2024-04-04T11:45:00+05:30,22390.1,22418.55,22376.5,22385.3
688,2024-04-04T11:15:00+05:30,22419.35,22429.05,22350.85,22389.1
689,2024-04-04T10:45:00+05:30,22413.4,22428.0,22303.8,22417.45
690,2024-04-04T10:15:00+05:30,22373.75,22450.3,22372.55,22415.3
691,2024-04-04T09:45:00+05:30,22453.05,22485.25,22373.75,22376.1
692,2024-04-04T09:15:00+05:30,22592.1,22619.0,22451.6,22454.65
693,2024-04-03T15:15:00+05:30,22430.75,22447.1,22423.5,22446.4
694,2024-04-03T14:45:00+05:30,22449.15,22459.0,22423.45,22430.7
695,2024-04-03T14:15:00+05:30,22494.95,22500.75,22441.4,22448.65
696,2024-04-03T13:45:00+05:30,22495.8,22501.15,22459.1,22494.95
697,2024-04-03T13:15:00+05:30,22484.5,22508.75,22484.45,22496.0
698,2024-04-03T12:45:00+05:30,22501.9,22521.1,22485.3,22485.3
699,2024-04-03T12:15:00+05:30,22479.75,22504.85,22471.75,22502.65
700,2024-04-03T11:45:00+05:30,22452.15,22480.7,22445.1,22479.0
701,2024-04-03T11:15:00+05:30,22447.6,22470.55,22445.3,22452.45
702,2024-04-03T10:45:00+05:30,22455.6,22457.1,22419.1,22447.7
703,2024-04-03T10:15:00+05:30,22448.15,22466.65,22441.35,22456.2
704,2024-04-03T09:45:00+05:30,22368.85,22457.65,22362.2,22448.6
705,2024-04-03T09:15:00+05:30,22385.7,22408.05,22346.5,22369.15
706,2024-04-02T15:15:00+05:30,22451.45,22470.3,22450.95,22464.3
707,2024-04-02T14:45:00+05:30,22420.45,22461.55,22420.45,22452.3
708,2024-04-02T14:15:00+05:30,22414.15,22432.95,22410.1,22420.55
709,2024-04-02T13:45:00+05:30,22413.75,22421.85,22400.6,22414.0
710,2024-04-02T13:15:00+05:30,22409.65,22423.15,22393.05,22414.35
711,2024-04-02T12:45:00+05:30,22428.6,22432.15,22408.2,22409.05
712,2024-04-02T12:15:00+05:30,22424.15,22432.05,22416.55,22427.95
713,2024-04-02T11:45:00+05:30,22425.95,22428.25,22414.4,22424.5
714,2024-04-02T11:15:00+05:30,22430.4,22445.15,22413.95,22425.8
715,2024-04-02T10:45:00+05:30,22424.8,22436.35,22388.15,22432.4
716,2024-04-02T10:15:00+05:30,22434.0,22448.35,22409.35,22424.75
717,2024-04-02T09:45:00+05:30,22480.35,22483.7,22428.65,22433.6
718,2024-04-02T09:15:00+05:30,22458.8,22497.6,22414.35,22480.5
719,2024-04-01T15:15:00+05:30,22465.6,22477.7,22456.5,22475.55
720,2024-04-01T14:45:00+05:30,22435.9,22466.95,22433.5,22464.05
721,2024-04-01T14:15:00+05:30,22456.1,22467.5,22434.15,22436.25
722,2024-04-01T13:45:00+05:30,22458.7,22473.3,22445.05,22454.5
723,2024-04-01T13:15:00+05:30,22445.8,22472.3,22445.65,22459.85
724,2024-04-01T12:45:00+05:30,22474.15,22475.05,22427.75,22445.75
725,2024-04-01T12:15:00+05:30,22461.95,22483.25,22461.0,22474.6
726,2024-04-01T11:45:00+05:30,22466.8,22489.05,22462.2,22462.2
727,2024-04-01T11:15:00+05:30,22479.8,22491.5,22459.7,22467.25
728,2024-04-01T10:45:00+05:30,22492.05,22497.1,22453.3,22479.45
729,2024-04-01T10:15:00+05:30,22503.8,22512.75,22488.3,22492.1
730,2024-04-01T09:45:00+05:30,22483.25,22524.4,22475.9,22503.65
731,2024-04-01T09:15:00+05:30,22455.0,22529.95,22443.35,22482.6
732,2024-03-28T15:15:00+05:30,22270.2,22343.7,22264.65,22343.5
733,2024-03-28T14:45:00+05:30,22499.5,22503.45,22264.95,22268.9
734,2024-03-28T14:15:00+05:30,22468.05,22516.0,22460.15,22503.2
735,2024-03-28T13:45:00+05:30,22416.35,22474.75,22413.55,22467.95
736,2024-03-28T13:15:00+05:30,22409.8,22429.85,22405.95,22416.4
737,2024-03-28T12:45:00+05:30,22413.65,22434.85,22397.85,22408.65
738,2024-03-28T12:15:00+05:30,22334.15,22424.35,22327.5,22414.25
739,2024-03-28T11:45:00+05:30,22359.9,22370.35,22321.05,22334.2
740,2024-03-28T11:15:00+05:30,22366.85,22373.5,22344.4,22359.3
741,2024-03-28T10:45:00+05:30,22354.7,22370.85,22342.2,22367.3
742,2024-03-28T10:15:00+05:30,22306.05,22368.4,22278.5,22355.5
743,2024-03-28T09:45:00+05:30,22258.7,22317.5,22252.05,22306.25
744,2024-03-28T09:15:00+05:30,22163.6,22263.55,22163.6,22257.9
745,2024-03-27T15:15:00+05:30,22117.8,22159.35,22109.65,22147.95
746,2024-03-27T14:45:00+05:30,22168.5,22172.45,22093.3,22116.15
747,2024-03-27T14:15:00+05:30,22188.6,22191.4,22159.45,22168.35
748,2024-03-27T13:45:00+05:30,22181.85,22193.6,22171.9,22188.75
749,2024-03-27T13:15:00+05:30,22159.1,22183.4,22159.1,22180.2
750,2024-03-27T12:45:00+05:30,22158.05,22176.8,22148.0,22159.65
751,2024-03-27T12:15:00+05:30,22164.7,22175.2,22152.5,22159.1
752,2024-03-27T11:45:00+05:30,22170.25,22183.35,22154.25,22165.25
753,2024-03-27T11:15:00+05:30,22157.05,22182.1,22154.3,22170.3
754,2024-03-27T10:45:00+05:30,22158.45,22172.4,22135.15,22157.2
755,2024-03-27T10:15:00+05:30,22147.1,22163.05,22133.0,22158.15
756,2024-03-27T09:45:00+05:30,22113.1,22161.15,22103.0,22146.45
757,2024-03-27T09:15:00+05:30,22053.95,22124.95,22052.85,22113.15
758,2024-03-26T15:15:00+05:30,22004.1,22030.2,21996.35,22020.85
759,2024-03-26T14:45:00+05:30,22013.35,22017.2,21992.3,22003.8
760,2024-03-26T14:15:00+05:30,22044.7,22050.6,22007.15,22013.2
761,2024-03-26T13:45:00+05:30,22043.0,22057.85,22029.05,22044.75
762,2024-03-26T13:15:00+05:30,22057.75,22065.3,22040.35,22043.65
763,2024-03-26T12:45:00+05:30,22049.35,22072.55,22046.25,22056.95
764,2024-03-26T12:15:00+05:30,22031.2,22058.4,22029.65,22049.7
765,2024-03-26T11:45:00+05:30,22054.35,22062.2,22023.7,22031.6
766,2024-03-26T11:15:00+05:30,22034.55,22056.4,22029.7,22054.6
767,2024-03-26T10:45:00+05:30,22025.9,22044.1,22020.45,22034.7
768,2024-03-26T10:15:00+05:30,22024.15,22064.8,22011.65,22026.05
769,2024-03-26T09:45:00+05:30,22020.3,22047.3,22001.55,22023.9
770,2024-03-26T09:15:00+05:30,21947.9,22073.2,21947.55,22021.0
771,2024-03-22T15:15:00+05:30,22081.6,22095.0,22069.8,22084.3
772,2024-03-22T14:45:00+05:30,22151.0,22180.7,22063.8,22079.65
773,2024-03-22T14:15:00+05:30,22104.25,22157.8,22104.1,22153.45
774,2024-03-22T13:45:00+05:30,22092.1,22111.5,22082.3,22105.0
775,2024-03-22T13:15:00+05:30,22106.3,22115.9,22078.3,22092.0
776,2024-03-22T12:45:00+05:30,22081.7,22118.5,22081.7,22106.25
777,2024-03-22T12:15:00+05:30,22076.3,22093.35,22060.45,22082.95
778,2024-03-22T11:45:00+05:30,22086.95,22101.95,22072.5,22076.55
779,2024-03-22T11:15:00+05:30,22051.6,22102.95,22049.45,22087.1
780,2024-03-22T10:45:00+05:30,22035.55,22075.5,22026.65,22051.35
781,2024-03-22T10:15:00+05:30,22029.6,22071.75,22018.3,22036.45
782,2024-03-22T09:45:00+05:30,21948.25,22040.6,21913.2,22030.9
783,2024-03-22T09:15:00+05:30,21932.2,21977.8,21883.3,21950.45
784,2024-03-21T15:15:00+05:30,22025.1,22038.25,22011.6,22014.8
785,2024-03-21T14:45:00+05:30,22028.45,22036.85,21982.6,22028.4
786,2024-03-21T14:15:00+05:30,21999.75,22036.95,21998.1,22027.85
787,2024-03-21T13:45:00+05:30,22017.85,22021.55,21987.3,21998.5
788,2024-03-21T13:15:00+05:30,22002.35,22030.45,21991.9,22018.1
789,2024-03-21T12:45:00+05:30,21998.85,22015.3,21983.5,22003.6
790,2024-03-21T12:15:00+05:30,21951.75,22004.45,21941.3,21998.95
791,2024-03-21T11:45:00+05:30,22028.45,22041.0,21947.45,21951.45
792,2024-03-21T11:15:00+05:30,22073.9,22075.05,22020.4,22029.05
793,2024-03-21T10:45:00+05:30,22052.85,22080.95,22048.65,22073.95
794,2024-03-21T10:15:00+05:30,22067.35,22075.95,22045.2,22051.6
795,2024-03-21T09:45:00+05:30,22008.95,22079.65,21991.3,22068.1
796,2024-03-21T09:15:00+05:30,21989.9,22025.5,21977.0,22008.95
797,2024-03-20T15:15:00+05:30,21842.1,21858.45,21831.65,21853.6
798,2024-03-20T14:45:00+05:30,21851.45,21859.65,21813.95,21842.25
799,2024-03-20T14:15:00+05:30,21856.7,21879.3,21819.9,21849.45
800,2024-03-20T13:45:00+05:30,21901.7,21906.6,21838.95,21855.35
801,2024-03-20T13:15:00+05:30,21911.55,21930.9,21876.1,21898.9
802,2024-03-20T12:45:00+05:30,21876.65,21913.65,21860.95,21908.45
803,2024-03-20T12:15:00+05:30,21837.65,21881.3,21830.85,21875.4
804,2024-03-20T11:45:00+05:30,21846.3,21863.1,21823.15,21834.45
805,2024-03-20T11:15:00+05:30,21790.9,21845.75,21760.2,21844.35
806,2024-03-20T10:45:00+05:30,21730.7,21801.2,21710.2,21790.75
807,2024-03-20T10:15:00+05:30,21765.0,21789.4,21716.0,21730.85
808,2024-03-20T09:45:00+05:30,21860.45,21878.15,21756.75,21765.05
809,2024-03-20T09:15:00+05:30,21843.9,21891.7,21831.35,21860.4
810,2024-03-19T15:15:00+05:30,21811.05,21821.15,21804.25,21813.5
811,2024-03-19T14:45:00+05:30,21844.05,21853.6,21799.85,21811.5
812,2024-03-19T14:15:00+05:30,21816.85,21849.85,21793.1,21844.55
813,2024-03-19T13:45:00+05:30,21865.7,21867.2,21809.55,21816.55
814,2024-03-19T13:15:00+05:30,21859.95,21872.45,21844.55,21865.5
815,2024-03-19T12:45:00+05:30,21846.35,21868.25,21841.05,21858.95
816,2024-03-19T12:15:00+05:30,21828.55,21865.5,21824.55,21846.5
817,2024-03-19T11:45:00+05:30,21809.45,21838.35,21809.45,21828.05
818,2024-03-19T11:15:00+05:30,21861.25,21882.35,21808.45,21810.85
819,2024-03-19T10:45:00+05:30,21875.8,21876.2,21841.05,21861.8
820,2024-03-19T10:15:00+05:30,21891.2,21895.1,21833.25,21875.65
821,2024-03-19T09:45:00+05:30,21972.15,21972.15,21856.7,21890.75
822,2024-03-19T09:15:00+05:30,21946.45,21978.3,21922.05,21972.1
823,2024-03-18T15:15:00+05:30,22055.0,22068.35,22036.3,22051.15
824,2024-03-18T14:45:00+05:30,22106.15,22112.25,22037.45,22056.2
825,2024-03-18T14:15:00+05:30,22064.15,22123.7,22061.45,22105.25
826,2024-03-18T13:45:00+05:30,22063.25,22082.1,22046.35,22062.4
827,2024-03-18T13:15:00+05:30,22073.85,22081.4,22056.65,22063.05
828,2024-03-18T12:45:00+05:30,22056.75,22076.5,22042.5,22071.55
829,2024-03-18T12:15:00+05:30,22034.6,22093.5,22034.1,22055.0
830,2024-03-18T11:45:00+05:30,21989.2,22051.05,21982.05,22034.1
831,2024-03-18T11:15:00+05:30,21948.75,21991.8,21916.55,21989.45
832,2024-03-18T10:45:00+05:30,22000.6,22020.0,21949.25,21949.7
833,2024-03-18T10:15:00+05:30,21978.5,22040.25,21976.3,22000.6
834,2024-03-18T09:45:00+05:30,21963.6,22023.9,21935.95,21977.2
835,2024-03-18T09:15:00+05:30,21990.1,22045.3,21947.85,21963.9
836,2024-03-15T15:15:00+05:30,22008.25,22047.05,21985.4,21996.55
837,2024-03-15T14:45:00+05:30,22011.2,22052.85,21992.4,22009.2
838,2024-03-15T14:15:00+05:30,22011.45,22018.65,21978.35,22010.4
839,2024-03-15T13:45:00+05:30,22017.45,22040.5,21997.35,22010.55
840,2024-03-15T13:15:00+05:30,21992.55,22025.0,21976.15,22016.95
841,2024-03-15T12:45:00+05:30,21950.95,21995.35,21949.45,21994.05
842,2024-03-15T12:15:00+05:30,21949.7,21963.55,21937.95,21953.05
843,2024-03-15T11:45:00+05:30,21969.0,21989.05,21931.7,21949.4
844,2024-03-15T11:15:00+05:30,21956.0,21972.25,21938.6,21969.0
845,2024-03-15T10:45:00+05:30,21979.9,22002.35,21934.1,21954.5
846,2024-03-15T10:15:00+05:30,22013.35,22024.05,21956.25,21978.2
847,2024-03-15T09:45:00+05:30,22035.75,22059.4,21981.3,22013.1
848,2024-03-15T09:15:00+05:30,22064.85,22120.9,22015.3,22034.15
849,2024-03-14T15:15:00+05:30,22143.1,22163.7,22134.7,22151.0
850,2024-03-14T14:45:00+05:30,22111.95,22156.1,22096.75,22144.25
851,2024-03-14T14:15:00+05:30,22101.45,22142.55,22096.65,22111.95
852,2024-03-14T13:45:00+05:30,22115.55,22139.45,22080.45,22102.0
853,2024-03-14T13:15:00+05:30,22156.9,22168.7,22112.0,22115.85
854,2024-03-14T12:45:00+05:30,22145.4,22178.55,22128.0,22157.4
855,2024-03-14T12:15:00+05:30,22175.05,22204.6,22142.85,22143.1
856,2024-03-14T11:45:00+05:30,22167.55,22187.3,22157.0,22174.9
857,2024-03-14T11:15:00+05:30,22084.4,22178.9,22067.1,22166.2
858,2024-03-14T10:45:00+05:30,22071.8,22098.5,22061.05,22083.5
859,2024-03-14T10:15:00+05:30,22011.15,22089.15,22003.7,22071.05
860,2024-03-14T09:45:00+05:30,21993.7,22045.85,21974.75,22010.75
861,2024-03-14T09:15:00+05:30,21982.55,22027.8,21917.5,21992.9
862,2024-03-13T15:15:00+05:30,21969.9,22010.95,21963.95,21981.75
863,2024-03-13T14:45:00+05:30,21932.45,22049.05,21920.4,21969.85
864,2024-03-13T14:15:00+05:30,22001.7,22002.1,21905.65,21934.05
865,2024-03-13T13:45:00+05:30,22067.0,22067.0,21997.75,22004.2
866,2024-03-13T13:15:00+05:30,22108.65,22118.9,22053.25,22067.05
867,2024-03-13T12:45:00+05:30,22093.3,22126.1,22079.85,22109.55
868,2024-03-13T12:15:00+05:30,22080.7,22113.05,22040.7,22095.0
869,2024-03-13T11:45:00+05:30,22141.75,22149.05,22074.8,22080.2
870,2024-03-13T11:15:00+05:30,22239.8,22252.05,22121.8,22142.9
871,2024-03-13T10:45:00+05:30,22312.3,22317.3,22224.9,22239.0
872,2024-03-13T10:15:00+05:30,22334.5,22344.15,22279.1,22311.05
873,2024-03-13T09:45:00+05:30,22343.0,22343.0,22260.75,22336.15
874,2024-03-13T09:15:00+05:30,22432.2,22446.75,22307.1,22342.25
875,2024-03-12T15:15:00+05:30,22329.95,22342.65,22325.05,22330.15
876,2024-03-12T14:45:00+05:30,22318.9,22363.2,22314.85,22331.65
877,2024-03-12T14:15:00+05:30,22368.5,22381.4,22305.6,22321.05
878,2024-03-12T13:45:00+05:30,22384.1,22398.1,22365.15,22369.45
879,2024-03-12T13:15:00+05:30,22379.2,22402.1,22370.05,22384.75
880,2024-03-12T12:45:00+05:30,22378.85,22381.2,22335.0,22378.9
881,2024-03-12T12:15:00+05:30,22359.85,22385.95,22358.55,22380.15
882,2024-03-12T11:45:00+05:30,22325.6,22392.4,22313.8,22359.55
883,2024-03-12T11:15:00+05:30,22362.15,22376.65,22323.85,22324.6
884,2024-03-12T10:45:00+05:30,22350.55,22378.55,22256.0,22361.05
885,2024-03-12T10:15:00+05:30,22439.4,22452.55,22347.9,22348.6
886,2024-03-12T09:45:00+05:30,22429.0,22450.6,22398.2,22437.75
887,2024-03-12T09:15:00+05:30,22334.45,22434.1,22315.0,22428.55
888,2024-03-11T15:15:00+05:30,22322.2,22337.4,22307.25,22318.4
889,2024-03-11T14:45:00+05:30,22388.3,22408.65,22308.25,22323.7
890,2024-03-11T14:15:00+05:30,22376.1,22395.85,22341.65,22390.35
891,2024-03-11T13:45:00+05:30,22399.35,22419.75,22375.75,22376.05
892,2024-03-11T13:15:00+05:30,22393.5,22426.05,22385.85,22399.7
893,2024-03-11T12:45:00+05:30,22411.7,22423.1,22389.3,22392.95
894,2024-03-11T12:15:00+05:30,22373.05,22421.55,22369.55,22411.2
895,2024-03-11T11:45:00+05:30,22420.55,22424.35,22366.85,22373.55
896,2024-03-11T11:15:00+05:30,22416.55,22439.45,22395.55,22420.55
897,2024-03-11T10:45:00+05:30,22436.8,22446.3,22411.3,22417.25
898,2024-03-11T10:15:00+05:30,22430.85,22461.7,22424.2,22437.4
899,2024-03-11T09:45:00+05:30,22474.8,22485.85,22429.65,22431.7
900,2024-03-11T09:15:00+05:30,22517.5,22526.6,22458.95,22474.05
901,2024-03-07T15:15:00+05:30,22501.1,22504.9,22464.5,22484.6
902,2024-03-07T14:45:00+05:30,22486.65,22517.2,22475.7,22500.75
903,2024-03-07T14:15:00+05:30,22498.85,22522.05,22482.85,22487.45
904,2024-03-07T13:45:00+05:30,22509.75,22525.65,22485.05,22499.2
905,2024-03-07T13:15:00+05:30,22507.8,22515.05,22491.3,22509.55
906,2024-03-07T12:45:00+05:30,22496.0,22517.65,22490.8,22509.15
907,2024-03-07T12:15:00+05:30,22487.25,22498.5,22472.6,22496.35
908,2024-03-07T11:45:00+05:30,22481.6,22496.6,22478.55,22486.6
909,2024-03-07T11:15:00+05:30,22498.0,22508.15,22470.05,22480.75
910,2024-03-07T10:45:00+05:30,22442.35,22521.3,22430.0,22498.65
911,2024-03-07T10:15:00+05:30,22486.95,22495.1,22439.2,22443.8
912,2024-03-07T09:45:00+05:30,22472.95,22502.6,22451.15,22486.95
913,2024-03-07T09:15:00+05:30,22505.3,22523.65,22449.3,22473.35
914,2024-03-06T15:15:00+05:30,22472.5,22497.2,22466.75,22482.85
915,2024-03-06T14:45:00+05:30,22464.7,22483.05,22430.65,22473.3
916,2024-03-06T14:15:00+05:30,22404.35,22473.45,22392.15,22464.55
917,2024-03-06T13:45:00+05:30,22327.75,22412.75,22327.4,22403.45
918,2024-03-06T13:15:00+05:30,22297.85,22338.05,22273.35,22327.0
919,2024-03-06T12:45:00+05:30,22280.15,22300.1,22262.65,22298.0
920,2024-03-06T12:15:00+05:30,22260.05,22301.25,22236.35,22280.4
921,2024-03-06T11:45:00+05:30,22247.3,22266.75,22224.35,22259.2
922,2024-03-06T11:15:00+05:30,22274.75,22302.2,22226.15,22247.65
923,2024-03-06T10:45:00+05:30,22311.7,22311.7,22260.2,22273.25
924,2024-03-06T10:15:00+05:30,22315.45,22352.8,22274.45,22311.1
925,2024-03-06T09:45:00+05:30,22365.05,22369.45,22250.2,22315.0
926,2024-03-06T09:15:00+05:30,22327.5,22365.85,22289.4,22363.9
927,2024-03-05T15:15:00+05:30,22353.55,22362.6,22340.6,22356.85
928,2024-03-05T14:45:00+05:30,22372.7,22382.1,22341.95,22353.65
929,2024-03-05T14:15:00+05:30,22355.5,22384.05,22346.3,22373.4
930,2024-03-05T13:45:00+05:30,22382.25,22388.05,22340.0,22355.05
931,2024-03-05T13:15:00+05:30,22391.25,22406.7,22376.5,22382.5
932,2024-03-05T12:45:00+05:30,22333.55,22416.9,22327.9,22391.55
933,2024-03-05T12:15:00+05:30,22339.5,22342.4,22311.55,22332.85
934,2024-03-05T11:45:00+05:30,22324.75,22352.9,22317.35,22340.6
935,2024-03-05T11:15:00+05:30,22288.95,22328.45,22269.15,22324.7
936,2024-03-05T10:45:00+05:30,22307.5,22315.9,22285.15,22288.65
937,2024-03-05T10:15:00+05:30,22332.25,22332.35,22278.65,22306.8
938,2024-03-05T09:45:00+05:30,22373.8,22374.35,22324.7,22333.15
939,2024-03-05T09:15:00+05:30,22371.25,22406.55,22319.55,22374.95
940,2024-03-04T15:15:00+05:30,22403.8,22414.8,22383.5,22400.25
941,2024-03-04T14:45:00+05:30,22408.65,22427.25,22403.05,22404.45
942,2024-03-04T14:15:00+05:30,22428.5,22434.25,22396.3,22407.85
943,2024-03-04T13:45:00+05:30,22407.15,22430.7,22384.25,22428.2
944,2024-03-04T13:15:00+05:30,22402.2,22414.8,22399.25,22407.95
945,2024-03-04T12:45:00+05:30,22413.1,22415.15,22372.75,22401.7
946,2024-03-04T12:15:00+05:30,22401.0,22426.6,22397.55,22412.4
947,2024-03-04T11:45:00+05:30,22410.1,22423.9,22389.95,22403.3
948,2024-03-04T11:15:00+05:30,22404.8,22418.8,22385.9,22408.55
949,2024-03-04T10:45:00+05:30,22425.4,22425.4,22372.85,22404.55
950,2024-03-04T10:15:00+05:30,22395.0,22432.9,22395.0,22424.45
951,2024-03-04T09:45:00+05:30,22396.05,22408.0,22358.3,22395.4
952,2024-03-04T09:15:00+05:30,22403.5,22440.9,22361.8,22395.9
953,2024-03-02T12:00:00+05:30,22377.45,22385.4,22372.2,22373.4
954,2024-03-02T11:30:00+05:30,22406.7,22410.35,22373.2,22377.0
955,2024-03-02T09:45:00+05:30,22402.15,22412.45,22388.5,22395.0
956,2024-03-02T09:15:00+05:30,22406.95,22420.25,22367.1,22401.65
957,2024-03-01T15:15:00+05:30,22329.3,22343.3,22319.65,22327.3
958,2024-03-01T14:45:00+05:30,22332.1,22353.3,22326.1,22329.1
959,2024-03-01T14:15:00+05:30,22329.85,22339.4,22315.65,22331.85
960,2024-03-01T13:45:00+05:30,22315.05,22335.95,22310.6,22330.6
961,2024-03-01T13:15:00+05:30,22288.6,22319.3,22282.8,22314.65
962,2024-03-01T12:45:00+05:30,22305.65,22318.65,22281.4,22288.35
963,2024-03-01T12:15:00+05:30,22287.0,22312.65,22277.3,22305.8
964,2024-03-01T11:45:00+05:30,22279.35,22304.0,22268.2,22286.45
965,2024-03-01T11:15:00+05:30,22208.6,22295.5,22208.6,22279.15
966,2024-03-01T10:45:00+05:30,22178.3,22222.35,22172.45,22208.7
967,2024-03-01T10:15:00+05:30,22196.45,22210.7,22174.7,22178.7
968,2024-03-01T09:45:00+05:30,22162.45,22201.1,22145.2,22196.95
969,2024-03-01T09:15:00+05:30,22048.3,22167.65,22047.75,22161.85
970,2024-02-29T15:15:00+05:30,21996.05,22060.55,21995.6,22034.1
971,2024-02-29T14:45:00+05:30,21983.4,22004.25,21911.9,21996.7
972,2024-02-29T14:15:00+05:30,21959.65,21983.45,21900.5,21983.45
973,2024-02-29T13:45:00+05:30,21951.55,21986.1,21937.7,21962.35
974,2024-02-29T13:15:00+05:30,21968.2,21988.75,21936.35,21953.55
975,2024-02-29T12:45:00+05:30,21962.75,21974.25,21939.35,21969.95
976,2024-02-29T12:15:00+05:30,21950.85,21965.3,21897.15,21963.45
977,2024-02-29T11:45:00+05:30,21953.45,21976.75,21939.3,21952.35
978,2024-02-29T11:15:00+05:30,21967.6,21996.6,21923.0,21958.0
979,2024-02-29T10:45:00+05:30,21906.6,21971.55,21882.3,21967.85
980,2024-02-29T10:15:00+05:30,21873.6,21922.0,21860.65,21909.0
981,2024-02-29T09:45:00+05:30,21948.85,22022.4,21866.15,21873.5
982,2024-02-29T09:15:00+05:30,21935.2,21992.45,21887.1,21946.3
983,2024-02-28T15:15:00+05:30,21953.45,21953.6,21915.85,21927.25
984,2024-02-28T14:45:00+05:30,21973.4,22013.15,21945.8,21952.75
985,2024-02-28T14:15:00+05:30,22044.6,22046.3,21966.25,21974.2
986,2024-02-28T13:45:00+05:30,22014.65,22050.25,21993.15,22044.85
987,2024-02-28T13:15:00+05:30,21943.9,22033.7,21943.7,22015.1
988,2024-02-28T12:45:00+05:30,22051.55,22054.2,21938.9,21942.5
989,2024-02-28T12:15:00+05:30,22039.05,22054.65,22026.65,22051.75
990,2024-02-28T11:45:00+05:30,22023.1,22043.95,22001.3,22038.3
991,2024-02-28T11:15:00+05:30,22062.7,22088.45,22020.0,22022.95
992,2024-02-28T10:45:00+05:30,22200.4,22201.35,22021.15,22062.05
993,2024-02-28T10:15:00+05:30,22218.95,22226.3,22190.35,22200.7
994,2024-02-28T09:45:00+05:30,22210.2,22229.15,22168.2,22219.0
995,2024-02-28T09:15:00+05:30,22214.1,22226.3,22184.35,22209.5
996,2024-02-27T15:15:00+05:30,22203.55,22205.0,22178.35,22193.8
997,2024-02-27T14:45:00+05:30,22180.1,22216.6,22170.2,22203.9
998,2024-02-27T14:15:00+05:30,22162.9,22192.7,22149.7,22179.1
999,2024-02-27T13:45:00+05:30,22167.85,22169.85,22132.4,22163.1
1000,2024-02-27T13:15:00+05:30,22204.55,22218.25,22166.05,22168.4
1001,2024-02-27T12:45:00+05:30,22161.35,22209.75,22159.9,22205.95
1002,2024-02-27T12:15:00+05:30,22124.9,22164.5,22115.45,22161.1
1003,2024-02-27T11:45:00+05:30,22152.8,22156.95,22109.0,22124.3
1004,2024-02-27T11:15:00+05:30,22144.65,22170.0,22125.7,22153.8
1005,2024-02-27T10:45:00+05:30,22135.6,22158.65,22131.5,22145.1
1006,2024-02-27T10:15:00+05:30,22108.5,22135.05,22103.6,22135.05
1007,2024-02-27T09:45:00+05:30,22126.95,22151.8,22102.5,22109.05
1008,2024-02-27T09:15:00+05:30,22090.2,22143.15,22085.65,22128.15
1009,2024-02-26T15:15:00+05:30,22126.45,22128.6,22109.8,22115.05
1010,2024-02-26T14:45:00+05:30,22143.2,22149.8,22114.3,22126.4
1011,2024-02-26T14:15:00+05:30,22154.4,22173.6,22138.35,22142.7
1012,2024-02-26T13:45:00+05:30,22131.65,22173.85,22131.05,22153.95
1013,2024-02-26T13:15:00+05:30,22141.8,22162.5,22129.45,22131.45
1014,2024-02-26T12:45:00+05:30,22101.2,22152.8,22093.8,22142.0
1015,2024-02-26T12:15:00+05:30,22096.25,22114.05,22075.15,22101.6
1016,2024-02-26T11:45:00+05:30,22109.8,22118.15,22082.95,22096.7
1017,2024-02-26T11:15:00+05:30,22124.6,22132.8,22096.95,22111.1
1018,2024-02-26T10:45:00+05:30,22122.5,22138.7,22100.9,22124.25
1019,2024-02-26T10:15:00+05:30,22149.2,22153.05,22118.8,22123.7
1020,2024-02-26T09:45:00+05:30,22197.85,22202.15,22111.8,22148.35
1021,2024-02-26T09:15:00+05:30,22169.2,22199.9,22141.0,22198.0
1022,2024-02-23T15:15:00+05:30,22214.15,22223.85,22186.1,22193.65
1023,2024-02-23T14:45:00+05:30,22247.0,22247.6,22209.5,22213.25
1024,2024-02-23T14:15:00+05:30,22212.2,22251.3,22206.8,22246.25
1025,2024-02-23T13:45:00+05:30,22233.15,22250.25,22212.05,22212.05
1026,2024-02-23T13:15:00+05:30,22252.75,22258.4,22200.45,22233.25
1027,2024-02-23T12:45:00+05:30,22263.7,22269.8,22243.7,22252.45
1028,2024-02-23T12:15:00+05:30,22233.25,22264.25,22226.8,22263.7
1029,2024-02-23T11:45:00+05:30,22254.5,22259.85,22223.3,22234.9
1030,2024-02-23T11:15:00+05:30,22236.7,22258.9,22231.75,22254.7
1031,2024-02-23T10:45:00+05:30,22228.0,22261.1,22220.15,22236.7
1032,2024-02-23T10:15:00+05:30,22271.1,22280.75,22206.0,22227.6
1033,2024-02-23T09:45:00+05:30,22256.95,22270.0,22234.3,22269.95
1034,2024-02-23T09:15:00+05:30,22290.0,22297.5,22216.35,22256.65
1035,2024-02-22T15:15:00+05:30,22207.5,22252.5,22200.75,22217.65
1036,2024-02-22T14:45:00+05:30,22107.45,22234.05,22106.15,22206.7
1037,2024-02-22T14:15:00+05:30,22054.75,22119.55,22043.7,22107.35
1038,2024-02-22T13:45:00+05:30,22015.6,22110.25,22012.9,22056.65
1039,2024-02-22T13:15:00+05:30,21962.8,22024.3,21955.85,22016.6
1040,2024-02-22T12:45:00+05:30,21967.9,21973.9,21940.3,21962.9
1041,2024-02-22T12:15:00+05:30,21964.8,21978.2,21942.4,21967.9
1042,2024-02-22T11:45:00+05:30,21956.65,21981.8,21932.6,21964.75
1043,2024-02-22T11:15:00+05:30,21925.95,21962.25,21901.3,21957.4
1044,2024-02-22T10:45:00+05:30,21938.65,21938.65,21875.25,21927.05
1045,2024-02-22T10:15:00+05:30,21935.75,21945.65,21886.4,21939.0
1046,2024-02-22T09:45:00+05:30,22044.85,22067.9,21901.05,21935.5
1047,2024-02-22T09:15:00+05:30,22081.55,22094.3,21964.55,22047.15
1048,2024-02-21T15:15:00+05:30,22095.55,22096.5,22015.55,22029.25
1049,2024-02-21T14:45:00+05:30,22032.25,22098.05,21997.95,22095.05
1050,2024-02-21T14:15:00+05:30,22112.9,22140.35,22013.35,22032.4
1051,2024-02-21T13:45:00+05:30,22204.05,22204.6,22105.4,22112.45
1052,2024-02-21T13:15:00+05:30,22219.9,22223.8,22189.55,22204.1
1053,2024-02-21T12:45:00+05:30,22210.35,22241.5,22206.2,22220.35
1054,2024-02-21T12:15:00+05:30,22211.5,22229.25,22208.7,22209.55
1055,2024-02-21T11:45:00+05:30,22213.05,22222.25,22198.05,22211.25
1056,2024-02-21T11:15:00+05:30,22207.75,22220.0,22175.95,22212.75
1057,2024-02-21T10:45:00+05:30,22173.95,22219.5,22160.8,22208.0
1058,2024-02-21T10:15:00+05:30,22213.7,22229.45,22170.2,22174.65
1059,2024-02-21T09:45:00+05:30,22233.0,22249.4,22204.1,22213.15
1060,2024-02-21T09:15:00+05:30,22248.85,22248.85,22189.8,22232.8
1061,2024-02-20T15:15:00+05:30,22201.45,22215.6,22197.95,22209.2
1062,2024-02-20T14:45:00+05:30,22139.1,22204.5,22130.5,22200.85
1063,2024-02-20T14:15:00+05:30,22123.15,22159.85,22121.45,22138.9
1064,2024-02-20T13:45:00+05:30,22162.95,22164.4,22083.05,22123.8
1065,2024-02-20T13:15:00+05:30,22144.5,22173.6,22133.5,22163.2
1066,2024-02-20T12:45:00+05:30,22160.05,22167.1,22141.85,22145.05
1067,2024-02-20T12:15:00+05:30,22159.35,22165.0,22146.35,22161.95
1068,2024-02-20T11:45:00+05:30,22119.55,22177.5,22113.7,22159.8
1069,2024-02-20T11:15:00+05:30,22098.55,22139.75,22098.55,22120.25
1070,2024-02-20T10:45:00+05:30,22094.3,22108.9,22083.05,22099.35
1071,2024-02-20T10:15:00+05:30,22097.95,22137.0,22093.85,22094.45
1072,2024-02-20T09:45:00+05:30,22103.45,22112.65,22045.85,22097.95
1073,2024-02-20T09:15:00+05:30,22099.2,22120.2,22056.6,22103.2
1074,2024-02-19T15:15:00+05:30,22118.5,22134.75,22112.7,22116.25
1075,2024-02-19T14:45:00+05:30,22162.25,22163.95,22098.1,22117.75
1076,2024-02-19T14:15:00+05:30,22157.8,22186.65,22155.2,22161.55
1077,2024-02-19T13:45:00+05:30,22154.95,22171.8,22152.35,22157.5
1078,2024-02-19T13:15:00+05:30,22165.8,22171.6,22132.0,22155.3
1079,2024-02-19T12:45:00+05:30,22161.2,22166.35,22147.65,22165.1
1080,2024-02-19T12:15:00+05:30,22150.6,22167.25,22136.85,22161.15
1081,2024-02-19T11:45:00+05:30,22136.55,22157.9,22127.25,22150.1
1082,2024-02-19T11:15:00+05:30,22125.65,22150.75,22106.8,22137.0
1083,2024-02-19T10:45:00+05:30,22087.05,22128.35,22083.15,22125.2
1084,2024-02-19T10:15:00+05:30,22065.25,22105.45,22064.9,22086.05
1085,2024-02-19T09:45:00+05:30,22062.3,22069.35,22021.05,22065.15
1086,2024-02-19T09:15:00+05:30,22103.45,22107.6,22049.7,22062.05
1087,2024-02-16T15:15:00+05:30,22036.15,22043.3,22018.9,22032.6
1088,2024-02-16T14:45:00+05:30,22045.4,22067.5,22033.05,22036.4
1089,2024-02-16T14:15:00+05:30,22045.45,22065.95,22023.25,22043.7
1090,2024-02-16T13:45:00+05:30,22057.95,22065.6,22024.85,22045.35
1091,2024-02-16T13:15:00+05:30,22055.3,22059.3,22027.1,22057.05
1092,2024-02-16T12:45:00+05:30,22045.25,22068.65,22036.25,22055.2
1093,2024-02-16T12:15:00+05:30,22046.8,22048.95,22022.75,22046.4
1094,2024-02-16T11:45:00+05:30,22027.1,22050.7,22006.65,22047.4
1095,2024-02-16T11:15:00+05:30,22035.6,22045.95,22008.0,22027.5
1096,2024-02-16T10:45:00+05:30,22031.85,22045.9,22016.5,22034.65
1097,2024-02-16T10:15:00+05:30,22036.4,22044.95,22013.7,22032.25
1098,2024-02-16T09:45:00+05:30,21993.65,22037.65,21968.95,22036.7
1099,2024-02-16T09:15:00+05:30,22020.3,22024.15,21976.6,21994.1
1100,2024-02-15T15:15:00+05:30,21910.75,21931.15,21907.5,21927.35
1101,2024-02-15T14:45:00+05:30,21903.6,21928.85,21887.75,21909.8
1102,2024-02-15T14:15:00+05:30,21913.1,21917.85,21874.6,21902.0
1103,2024-02-15T13:45:00+05:30,21942.65,21953.85,21914.75,21914.75
1104,2024-02-15T13:15:00+05:30,21861.85,21949.2,21838.65,21943.95
1105,2024-02-15T12:45:00+05:30,21849.8,21870.15,21836.15,21861.25
1106,2024-02-15T12:15:00+05:30,21857.95,21874.75,21823.85,21850.25
1107,2024-02-15T11:45:00+05:30,21858.75,21881.4,21848.1,21857.85
1108,2024-02-15T11:15:00+05:30,21868.3,21877.75,21840.55,21858.0
1109,2024-02-15T10:45:00+05:30,21862.45,21879.85,21832.4,21868.5
1110,2024-02-15T10:15:00+05:30,21886.35,21902.35,21854.3,21860.1
1111,2024-02-15T09:45:00+05:30,21824.95,21902.9,21794.8,21885.35
1112,2024-02-15T09:15:00+05:30,21906.55,21923.25,21813.05,21825.35
1113,2024-02-14T15:15:00+05:30,21814.55,21856.25,21801.85,21850.05
1114,2024-02-14T14:45:00+05:30,21814.45,21870.85,21794.75,21814.25
1115,2024-02-14T14:15:00+05:30,21718.65,21817.5,21713.45,21815.4
1116,2024-02-14T13:45:00+05:30,21662.0,21720.65,21648.25,21718.95
1117,2024-02-14T13:15:00+05:30,21689.4,21691.25,21634.7,21661.75
1118,2024-02-14T12:45:00+05:30,21661.15,21708.35,21650.75,21689.7
1119,2024-02-14T12:15:00+05:30,21618.55,21681.75,21618.55,21661.9
1120,2024-02-14T11:45:00+05:30,21605.8,21631.35,21598.5,21619.15
1121,2024-02-14T11:15:00+05:30,21607.25,21622.6,21578.15,21606.25
1122,2024-02-14T10:45:00+05:30,21597.85,21650.45,21590.0,21606.85
1123,2024-02-14T10:15:00+05:30,21623.15,21632.5,21589.35,21597.6
1124,2024-02-14T09:45:00+05:30,21578.25,21622.75,21558.6,21620.4
1125,2024-02-14T09:15:00+05:30,21578.15,21600.65,21530.2,21576.6
1126,2024-02-13T15:15:00+05:30,21754.15,21758.3,21717.75,21729.2
1127,2024-02-13T14:45:00+05:30,21714.75,21761.55,21705.4,21753.9
1128,2024-02-13T14:15:00+05:30,21728.45,21756.15,21706.6,21715.1
1129,2024-02-13T13:45:00+05:30,21733.9,21764.15,21719.0,21728.3
1130,2024-02-13T13:15:00+05:30,21685.15,21742.3,21680.2,21734.1
1131,2024-02-13T12:45:00+05:30,21641.3,21720.05,21637.85,21686.05
1132,2024-02-13T12:15:00+05:30,21648.3,21672.85,21622.8,21641.6
1133,2024-02-13T11:45:00+05:30,21705.25,21735.85,21646.9,21646.9
1134,2024-02-13T11:15:00+05:30,21763.1,21766.45,21695.95,21703.9
1135,2024-02-13T10:45:00+05:30,21715.0,21766.8,21708.3,21764.35
1136,2024-02-13T10:15:00+05:30,21719.5,21725.0,21689.65,21716.75
1137,2024-02-13T09:45:00+05:30,21628.45,21722.75,21595.75,21718.45
1138,2024-02-13T09:15:00+05:30,21664.3,21678.05,21543.35,21628.4
1139,2024-02-12T15:15:00+05:30,21597.6,21632.55,21585.0,21612.45
1140,2024-02-12T14:45:00+05:30,21644.6,21657.35,21586.95,21598.0
1141,2024-02-12T14:15:00+05:30,21687.85,21697.0,21623.65,21644.6
1142,2024-02-12T13:45:00+05:30,21630.35,21691.55,21605.15,21688.35
1143,2024-02-12T13:15:00+05:30,21613.85,21660.75,21591.85,21629.65
1144,2024-02-12T12:45:00+05:30,21665.45,21672.3,21574.75,21614.5
1145,2024-02-12T12:15:00+05:30,21639.05,21680.7,21636.15,21664.4
1146,2024-02-12T11:45:00+05:30,21694.5,21695.6,21609.25,21637.2
1147,2024-02-12T11:15:00+05:30,21717.15,21728.25,21690.75,21694.9
1148,2024-02-12T10:45:00+05:30,21677.85,21719.1,21654.35,21717.3
1149,2024-02-12T10:15:00+05:30,21690.0,21716.5,21628.75,21678.25
1150,2024-02-12T09:45:00+05:30,21743.85,21757.8,21672.35,21690.25
1151,2024-02-12T09:15:00+05:30,21800.8,21831.7,21738.4,21744.65
1152,2024-02-09T15:15:00+05:30,21783.95,21790.2,21772.5,21785.9
1153,2024-02-09T14:45:00+05:30,21765.5,21804.45,21754.8,21782.8
1154,2024-02-09T14:15:00+05:30,21762.3,21788.5,21753.45,21765.25
1155,2024-02-09T13:45:00+05:30,21740.25,21768.95,21727.25,21760.85
1156,2024-02-09T13:15:00+05:30,21753.0,21754.55,21710.05,21738.55
1157,2024-02-09T12:45:00+05:30,21760.25,21768.55,21726.15,21753.3
1158,2024-02-09T12:15:00+05:30,21734.2,21766.5,21725.3,21759.85
1159,2024-02-09T11:45:00+05:30,21723.55,21750.05,21707.25,21733.2
1160,2024-02-09T11:15:00+05:30,21680.3,21732.6,21644.75,21722.15
1161,2024-02-09T10:45:00+05:30,21691.2,21698.25,21629.9,21679.5
1162,2024-02-09T10:15:00+05:30,21750.7,21750.7,21682.75,21691.1
1163,2024-02-09T09:45:00+05:30,21743.4,21750.45,21648.15,21749.65
1164,2024-02-09T09:15:00+05:30,21727.0,21780.5,21664.45,21744.15
1165,2024-02-08T15:15:00+05:30,21715.6,21760.75,21708.55,21760.0
1166,2024-02-08T14:45:00+05:30,21694.8,21733.5,21665.3,21714.75
1167,2024-02-08T14:15:00+05:30,21727.95,21745.0,21675.15,21695.15
1168,2024-02-08T13:45:00+05:30,21788.35,21794.25,21724.05,21727.75
1169,2024-02-08T13:15:00+05:30,21809.05,21814.55,21777.9,21787.45
1170,2024-02-08T12:45:00+05:30,21801.0,21820.2,21783.3,21807.85
1171,2024-02-08T12:15:00+05:30,21804.1,21808.35,21765.1,21801.1
1172,2024-02-08T11:45:00+05:30,21767.35,21811.3,21754.4,21804.05
1173,2024-02-08T11:15:00+05:30,21734.75,21777.1,21724.6,21768.45
1174,2024-02-08T10:45:00+05:30,21877.4,21904.3,21709.55,21737.0
1175,2024-02-08T10:15:00+05:30,21937.85,21967.55,21866.8,21877.5
1176,2024-02-08T09:45:00+05:30,21976.05,21998.35,21910.7,21939.65
1177,2024-02-08T09:15:00+05:30,22009.65,22011.05,21959.55,21974.55
1178,2024-02-07T15:15:00+05:30,21932.4,21954.6,21920.5,21948.75
1179,2024-02-07T14:45:00+05:30,21935.35,21952.6,21915.75,21933.55
1180,2024-02-07T14:15:00+05:30,21964.6,21983.55,21912.15,21935.2
1181,2024-02-07T13:45:00+05:30,21933.05,21973.6,21905.4,21962.2
1182,2024-02-07T13:15:00+05:30,21906.6,21948.6,21889.3,21933.95
1183,2024-02-07T12:45:00+05:30,21904.9,21917.6,21881.1,21906.7
1184,2024-02-07T12:15:00+05:30,21886.9,21927.2,21885.0,21904.3
1185,2024-02-07T11:45:00+05:30,21895.65,21910.55,21860.15,21887.7
1186,2024-02-07T11:15:00+05:30,21963.1,21965.6,21867.65,21895.95
1187,2024-02-07T10:45:00+05:30,21961.6,21985.25,21932.5,21963.25
1188,2024-02-07T10:15:00+05:30,22009.2,22021.05,21942.95,21961.95
1189,2024-02-07T09:45:00+05:30,21967.75,22014.75,21963.8,22009.8
1190,2024-02-07T09:15:00+05:30,22045.05,22053.3,21965.05,21968.45
1191,2024-02-06T15:15:00+05:30,21919.95,21947.55,21914.35,21939.15
1192,2024-02-06T14:45:00+05:30,21938.55,21938.9,21897.05,21919.45
1193,2024-02-06T14:15:00+05:30,21915.8,21951.4,21908.6,21937.4
1194,2024-02-06T13:45:00+05:30,21918.4,21936.05,21899.15,21914.9
1195,2024-02-06T13:15:00+05:30,21906.1,21930.15,21877.6,21917.8
1196,2024-02-06T12:45:00+05:30,21899.8,21914.25,21868.7,21905.45
1197,2024-02-06T12:15:00+05:30,21898.05,21918.0,21872.95,21898.9
1198,2024-02-06T11:45:00+05:30,21870.25,21902.75,21869.35,21898.15
1199,2024-02-06T11:15:00+05:30,21850.0,21899.55,21843.35,21870.1
1200,2024-02-06T10:45:00+05:30,21824.75,21856.8,21811.4,21850.2
1201,2024-02-06T10:15:00+05:30,21854.75,21863.95,21776.0,21823.3
1202,2024-02-06T09:45:00+05:30,21836.4,21877.1,21832.15,21853.6
1203,2024-02-06T09:15:00+05:30,21825.2,21851.7,21737.55,21836.45
1204,2024-02-05T15:15:00+05:30,21771.85,21776.3,21752.05,21759.1
1205,2024-02-05T14:45:00+05:30,21774.7,21815.95,21726.95,21771.5
1206,2024-02-05T14:15:00+05:30,21912.0,21915.75,21759.9,21776.6
1207,2024-02-05T13:45:00+05:30,21922.2,21944.2,21874.45,21911.25
1208,2024-02-05T13:15:00+05:30,21936.75,21950.15,21902.8,21922.8
1209,2024-02-05T12:45:00+05:30,21923.55,21952.5,21920.15,21936.8
1210,2024-02-05T12:15:00+05:30,21923.55,21940.4,21898.7,21924.15
1211,2024-02-05T11:45:00+05:30,21919.05,21934.15,21897.7,21923.35
1212,2024-02-05T11:15:00+05:30,21918.75,21943.35,21899.4,21918.45
1213,2024-02-05T10:45:00+05:30,21908.6,21922.2,21892.6,21919.35
1214,2024-02-05T10:15:00+05:30,21925.9,21939.35,21852.0,21908.9
1215,2024-02-05T09:45:00+05:30,21892.5,21964.3,21890.0,21926.95
1216,2024-02-05T09:15:00+05:30,21921.05,21921.15,21833.4,21890.35
1217,2024-02-02T15:15:00+05:30,21855.15,21856.3,21837.85,21854.8
1218,2024-02-02T14:45:00+05:30,21897.65,21903.15,21826.4,21855.7
1219,2024-02-02T14:15:00+05:30,21893.55,21906.95,21864.3,21897.8
1220,2024-02-02T13:45:00+05:30,21853.25,21902.8,21840.15,21892.8
1221,2024-02-02T13:15:00+05:30,21845.15,21875.55,21805.55,21852.65
1222,2024-02-02T12:45:00+05:30,21937.7,21939.75,21841.1,21846.3
1223,2024-02-02T12:15:00+05:30,22058.55,22065.95,21841.9,21937.05
1224,2024-02-02T11:45:00+05:30,22091.05,22102.0,22051.45,22058.8
1225,2024-02-02T11:15:00+05:30,21986.85,22126.8,21986.85,22089.0
1226,2024-02-02T10:45:00+05:30,21925.7,22003.9,21922.3,21989.65
1227,2024-02-02T10:15:00+05:30,21937.65,21944.55,21915.95,21925.4
1228,2024-02-02T09:45:00+05:30,21939.25,21947.85,21910.85,21937.85
1229,2024-02-02T09:15:00+05:30,21812.75,21963.45,21812.0,21937.3
1230,2024-02-01T15:15:00+05:30,21681.2,21702.65,21674.3,21689.65
1231,2024-02-01T14:45:00+05:30,21695.85,21730.9,21680.85,21681.45
1232,2024-02-01T14:15:00+05:30,21721.7,21726.25,21695.55,21696.9
1233,2024-02-01T13:45:00+05:30,21701.85,21737.0,21693.9,21722.25
1234,2024-02-01T13:15:00+05:30,21731.05,21742.65,21678.35,21701.9
1235,2024-02-01T12:45:00+05:30,21723.6,21766.05,21711.0,21730.15
1236,2024-02-01T12:15:00+05:30,21736.5,21747.4,21696.7,21723.55
1237,2024-02-01T11:45:00+05:30,21749.5,21772.3,21658.75,21738.5
1238,2024-02-01T11:15:00+05:30,21785.7,21787.25,21667.15,21748.0
1239,2024-02-01T10:45:00+05:30,21785.05,21832.95,21759.9,21783.25
1240,2024-02-01T10:15:00+05:30,21782.9,21796.8,21758.9,21786.25
1241,2024-02-01T09:45:00+05:30,21738.95,21798.0,21724.25,21783.9
1242,2024-02-01T09:15:00+05:30,21780.65,21788.35,21694.6,21739.05
1243,2024-01-31T15:15:00+05:30,21727.95,21741.35,21700.85,21708.1
1244,2024-01-31T14:45:00+05:30,21700.65,21740.05,21675.85,21727.65
1245,2024-01-31T14:15:00+05:30,21685.8,21701.95,21660.85,21699.95
1246,2024-01-31T13:45:00+05:30,21679.65,21699.1,21657.35,21685.8
1247,2024-01-31T13:15:00+05:30,21692.05,21711.3,21662.75,21680.5
1248,2024-01-31T12:45:00+05:30,21668.85,21697.8,21651.55,21692.75
1249,2024-01-31T12:15:00+05:30,21717.0,21727.25,21656.65,21669.25
1250,2024-01-31T11:45:00+05:30,21701.6,21739.75,21699.85,21716.8
1251,2024-01-31T11:15:00+05:30,21657.5,21713.8,21643.2,21700.55
1252,2024-01-31T10:45:00+05:30,21621.2,21674.15,21613.7,21658.2
1253,2024-01-31T10:15:00+05:30,21603.1,21649.3,21589.35,21620.35
1254,2024-01-31T09:45:00+05:30,21578.8,21609.75,21531.2,21604.45
1255,2024-01-31T09:15:00+05:30,21487.25,21583.8,21448.85,21576.35
1256,2024-01-30T15:15:00+05:30,21527.55,21535.5,21513.5,21528.8
1257,2024-01-30T14:45:00+05:30,21565.05,21583.15,21501.8,21527.35
1258,2024-01-30T14:15:00+05:30,21665.75,21671.05,21559.4,21566.1
1259,2024-01-30T13:45:00+05:30,21686.8,21687.55,21632.45,21665.75
1260,2024-01-30T13:15:00+05:30,21675.4,21696.65,21643.0,21687.1
1261,2024-01-30T12:45:00+05:30,21683.0,21701.65,21668.05,21675.85
1262,2024-01-30T12:15:00+05:30,21710.0,21715.35,21678.25,21683.1
1263,2024-01-30T11:45:00+05:30,21718.1,21733.65,21698.05,21710.4
1264,2024-01-30T11:15:00+05:30,21681.7,21723.7,21662.7,21718.2
1265,2024-01-30T10:45:00+05:30,21717.4,21722.85,21655.25,21681.4
1266,2024-01-30T10:15:00+05:30,21763.7,21770.9,21712.9,21717.25
1267,2024-01-30T09:45:00+05:30,21761.05,21772.95,21707.1,21762.95
1268,2024-01-30T09:15:00+05:30,21775.75,21813.05,21689.1,21761.65
1269,2024-01-29T15:15:00+05:30,21741.25,21763.25,21738.75,21740.05
1270,2024-01-29T14:45:00+05:30,21729.3,21752.6,21687.15,21741.55
1271,2024-01-29T14:15:00+05:30,21721.25,21745.2,21703.0,21729.3
1272,2024-01-29T13:45:00+05:30,21699.05,21745.6,21691.2,21721.0
1273,2024-01-29T13:15:00+05:30,21705.05,21709.65,21672.85,21698.15
1274,2024-01-29T12:45:00+05:30,21683.4,21714.5,21681.15,21705.05
1275,2024-01-29T12:15:00+05:30,21662.35,21685.3,21649.85,21682.35
1276,2024-01-29T11:45:00+05:30,21637.2,21665.75,21634.4,21662.1
1277,2024-01-29T11:15:00+05:30,21634.45,21653.75,21587.1,21636.95
1278,2024-01-29T10:45:00+05:30,21601.8,21642.35,21597.45,21634.7
1279,2024-01-29T10:15:00+05:30,21573.3,21618.7,21570.0,21602.25
1280,2024-01-29T09:45:00+05:30,21539.35,21590.4,21526.45,21573.45
1281,2024-01-29T09:15:00+05:30,21433.1,21562.6,21429.6,21536.4
1282,2024-01-25T15:15:00+05:30,21343.05,21401.75,21339.45,21378.2
1283,2024-01-25T14:45:00+05:30,21257.4,21360.0,21256.95,21343.3
1284,2024-01-25T14:15:00+05:30,21279.1,21293.7,21249.45,21257.55
1285,2024-01-25T13:45:00+05:30,21276.2,21312.1,21276.2,21279.75
1286,2024-01-25T13:15:00+05:30,21285.7,21298.7,21257.8,21275.8
1287,2024-01-25T12:45:00+05:30,21288.45,21304.05,21254.0,21284.15
1288,2024-01-25T12:15:00+05:30,21297.55,21308.35,21267.45,21287.35
1289,2024-01-25T11:45:00+05:30,21351.95,21358.3,21279.75,21296.4
1290,2024-01-25T11:15:00+05:30,21266.2,21376.6,21258.75,21352.5
1291,2024-01-25T10:45:00+05:30,21308.25,21312.8,21247.05,21265.5
1292,2024-01-25T10:15:00+05:30,21368.45,21371.4,21287.45,21307.75
1293,2024-01-25T09:45:00+05:30,21384.95,21406.55,21355.05,21368.95
1294,2024-01-25T09:15:00+05:30,21454.6,21459.0,21372.05,21385.9
1295,2024-01-24T15:15:00+05:30,21455.7,21482.35,21454.55,21465.9
1296,2024-01-24T14:45:00+05:30,21429.4,21460.05,21393.3,21456.05
1297,2024-01-24T14:15:00+05:30,21340.6,21429.95,21324.95,21429.8
1298,2024-01-24T13:45:00+05:30,21299.75,21353.85,21292.1,21340.7
1299,2024-01-24T13:15:00+05:30,21299.9,21337.15,21281.15,21299.45
1300,2024-01-24T12:45:00+05:30,21225.4,21333.5,21223.6,21300.85
1301,2024-01-24T12:15:00+05:30,21249.2,21292.95,21213.65,21225.4
1302,2024-01-24T11:45:00+05:30,21304.55,21306.15,21234.3,21248.15
1303,2024-01-24T11:15:00+05:30,21372.35,21388.55,21233.2,21305.55
1304,2024-01-24T10:45:00+05:30,21367.15,21394.9,21341.35,21372.3
1305,2024-01-24T10:15:00+05:30,21329.5,21408.6,21329.5,21369.7
1306,2024-01-24T09:45:00+05:30,21267.95,21399.2,21267.95,21329.1
1307,2024-01-24T09:15:00+05:30,21185.25,21285.5,21137.2,21267.55
1308,2024-01-23T15:15:00+05:30,21239.25,21271.25,21234.65,21241.65
1309,2024-01-23T14:45:00+05:30,21221.85,21270.55,21192.6,21239.5
1310,2024-01-23T14:15:00+05:30,21312.3,21313.2,21217.25,21220.0
1311,2024-01-23T13:45:00+05:30,21347.2,21361.45,21301.2,21311.75
1312,2024-01-23T13:15:00+05:30,21353.1,21375.65,21326.45,21347.4
1313,2024-01-23T12:45:00+05:30,21399.4,21405.95,21335.75,21353.25
1314,2024-01-23T12:15:00+05:30,21388.45,21434.75,21381.7,21401.25
1315,2024-01-23T11:45:00+05:30,21466.1,21485.6,21372.05,21389.3
1316,2024-01-23T11:15:00+05:30,21556.6,21563.15,21461.3,21466.25
1317,2024-01-23T10:45:00+05:30,21539.45,21571.15,21519.9,21557.55
1318,2024-01-23T10:15:00+05:30,21658.1,21679.95,21536.35,21541.3
1319,2024-01-23T09:45:00+05:30,21723.45,21731.5,21629.1,21658.65
1320,2024-01-23T09:15:00+05:30,21716.7,21750.25,21686.95,21722.3
1321,2024-01-20T15:15:00+05:30,21578.7,21591.15,21571.75,21585.7
1322,2024-01-20T14:45:00+05:30,21593.3,21611.95,21541.8,21578.2
1323,2024-01-20T14:15:00+05:30,21611.1,21624.5,21586.9,21593.8
1324,2024-01-20T13:45:00+05:30,21632.1,21636.8,21607.25,21609.6
1325,2024-01-20T13:15:00+05:30,21652.65,21663.35,21627.9,21630.65
1326,2024-01-20T12:45:00+05:30,21596.25,21654.45,21593.9,21653.25
1327,2024-01-20T12:15:00+05:30,21648.3,21658.4,21580.45,21594.3
1328,2024-01-20T11:45:00+05:30,21653.65,21659.25,21633.95,21648.05
1329,2024-01-20T11:15:00+05:30,21666.45,21669.65,21643.55,21653.75
1330,2024-01-20T10:45:00+05:30,21680.05,21694.4,21658.95,21665.8
1331,2024-01-20T10:15:00+05:30,21643.8,21680.25,21640.65,21679.05
1332,2024-01-20T09:45:00+05:30,21655.75,21667.1,21604.55,21643.85
1333,2024-01-20T09:15:00+05:30,21706.15,21720.3,21639.0,21656.2
1334,2024-01-19T15:15:00+05:30,21619.25,21645.65,21616.85,21638.65
1335,2024-01-19T14:45:00+05:30,21628.3,21637.65,21589.45,21619.75
1336,2024-01-19T14:15:00+05:30,21589.2,21640.1,21587.05,21629.2
1337,2024-01-19T13:45:00+05:30,21610.6,21619.65,21587.9,21589.0
1338,2024-01-19T13:15:00+05:30,21626.85,21638.95,21587.65,21610.9
1339,2024-01-19T12:45:00+05:30,21603.25,21629.15,21603.25,21627.9
1340,2024-01-19T12:15:00+05:30,21586.65,21612.45,21577.55,21604.3
1341,2024-01-19T11:45:00+05:30,21597.85,21611.6,21577.35,21588.4
1342,2024-01-19T11:15:00+05:30,21585.35,21622.55,21575.0,21598.9
1343,2024-01-19T10:45:00+05:30,21645.15,21648.4,21577.1,21586.9
1344,2024-01-19T10:15:00+05:30,21638.9,21670.6,21621.95,21645.3
1345,2024-01-19T09:45:00+05:30,21638.3,21654.1,21606.65,21639.0
1346,2024-01-19T09:15:00+05:30,21615.2,21665.65,21597.3,21638.65
1347,2024-01-18T15:15:00+05:30,21458.5,21485.25,21450.15,21479.15
1348,2024-01-18T14:45:00+05:30,21476.1,21487.55,21445.95,21458.3
1349,2024-01-18T14:15:00+05:30,21454.9,21484.85,21418.0,21475.8
1350,2024-01-18T13:45:00+05:30,21438.6,21461.25,21434.75,21454.35
1351,2024-01-18T13:15:00+05:30,21452.65,21472.0,21432.05,21438.7
1352,2024-01-18T12:45:00+05:30,21449.65,21472.85,21436.9,21452.5
1353,2024-01-18T12:15:00+05:30,21522.85,21539.4,21448.1,21451.55
1354,2024-01-18T11:45:00+05:30,21468.65,21526.7,21464.15,21521.8
1355,2024-01-18T11:15:00+05:30,21484.25,21498.35,21444.95,21467.55
1356,2024-01-18T10:45:00+05:30,21452.25,21491.35,21438.6,21484.25
1357,2024-01-18T10:15:00+05:30,21391.85,21455.4,21356.6,21452.7
1358,2024-01-18T09:45:00+05:30,21382.75,21440.7,21285.55,21391.35
1359,2024-01-18T09:15:00+05:30,21414.2,21474.4,21366.7,21384.45
1360,2024-01-17T15:15:00+05:30,21588.85,21593.1,21555.9,21578.4
1361,2024-01-17T14:45:00+05:30,21575.55,21605.65,21550.45,21589.75
1362,2024-01-17T14:15:00+05:30,21657.9,21661.7,21571.6,21575.7
1363,2024-01-17T13:45:00+05:30,21650.8,21677.2,21634.1,21657.1
1364,2024-01-17T13:15:00+05:30,21632.9,21657.3,21612.1,21651.25
1365,2024-01-17T12:45:00+05:30,21644.45,21657.15,21630.1,21632.95
1366,2024-01-17T12:15:00+05:30,21674.9,21693.1,21642.8,21644.55
1367,2024-01-17T11:45:00+05:30,21682.9,21685.75,21632.1,21675.45
1368,2024-01-17T11:15:00+05:30,21740.2,21749.35,21658.6,21685.75
1369,2024-01-17T10:45:00+05:30,21738.4,21754.5,21727.15,21740.7
1370,2024-01-17T10:15:00+05:30,21790.6,21794.0,21733.5,21738.7
1371,2024-01-17T09:45:00+05:30,21811.8,21836.9,21777.65,21791.0
1372,2024-01-17T09:15:00+05:30,21647.25,21851.5,21636.95,21812.45
1373,2024-01-16T15:15:00+05:30,22034.2,22036.6,22016.35,22031.5
1374,2024-01-16T14:45:00+05:30,22036.8,22051.95,22028.35,22034.3
1375,2024-01-16T14:15:00+05:30,22049.1,22058.45,22006.1,22038.45
1376,2024-01-16T13:45:00+05:30,22012.05,22057.75,22004.35,22049.4
1377,2024-01-16T13:15:00+05:30,22018.65,22039.85,21969.8,22013.0
1378,2024-01-16T12:45:00+05:30,22067.7,22072.6,22008.8,22019.0
1379,2024-01-16T12:15:00+05:30,22076.6,22090.95,22061.85,22069.1
1380,2024-01-16T11:45:00+05:30,22087.0,22107.6,22062.2,22077.8
1381,2024-01-16T11:15:00+05:30,22118.0,22120.75,22084.7,22087.3
1382,2024-01-16T10:45:00+05:30,22100.2,22124.15,22099.2,22118.75
1383,2024-01-16T10:15:00+05:30,22101.0,22112.4,22082.05,22101.1
1384,2024-01-16T09:45:00+05:30,22072.05,22107.9,22062.65,22100.65
1385,2024-01-16T09:15:00+05:30,22080.5,22088.2,22029.2,22071.65
1386,2024-01-15T15:15:00+05:30,22086.1,22115.55,22085.1,22110.45
1387,2024-01-15T14:45:00+05:30,22069.7,22104.55,22067.5,22086.9
1388,2024-01-15T14:15:00+05:30,22070.1,22074.45,22053.25,22070.45
1389,2024-01-15T13:45:00+05:30,22052.85,22084.9,22026.5,22070.7
1390,2024-01-15T13:15:00+05:30,22059.55,22069.3,22043.45,22052.3
1391,2024-01-15T12:45:00+05:30,22058.15,22063.75,22042.95,22059.85
1392,2024-01-15T12:15:00+05:30,22052.2,22069.4,22042.55,22058.55
1393,2024-01-15T11:45:00+05:30,22052.3,22061.75,22042.3,22052.1
1394,2024-01-15T11:15:00+05:30,22041.95,22063.7,22026.6,22052.9
1395,2024-01-15T10:45:00+05:30,22032.0,22047.9,22019.65,22042.1
1396,2024-01-15T10:15:00+05:30,22011.05,22038.45,22003.8,22031.2
1397,2024-01-15T09:45:00+05:30,22043.6,22051.15,21963.55,22010.25
1398,2024-01-15T09:15:00+05:30,22053.15,22081.95,22021.1,22042.8
1399,2024-01-12T15:15:00+05:30,21876.0,21917.25,21876.0,21908.0
1400,2024-01-12T14:45:00+05:30,21913.95,21922.05,21852.6,21876.55
1401,2024-01-12T14:15:00+05:30,21879.55,21928.25,21875.15,21914.8
1402,2024-01-12T13:45:00+05:30,21888.2,21897.1,21864.1,21879.1
1403,2024-01-12T13:15:00+05:30,21842.95,21895.65,21841.2,21887.0
1404,2024-01-12T12:45:00+05:30,21828.5,21861.45,21828.5,21843.1
1405,2024-01-12T12:15:00+05:30,21827.45,21840.85,21822.1,21828.5
1406,2024-01-12T11:45:00+05:30,21837.05,21846.15,21810.65,21827.55
1407,2024-01-12T11:15:00+05:30,21821.85,21842.6,21820.25,21836.75
1408,2024-01-12T10:45:00+05:30,21819.4,21848.2,21817.6,21822.15
1409,2024-01-12T10:15:00+05:30,21804.2,21832.0,21797.85,21820.7
1410,2024-01-12T09:45:00+05:30,21739.25,21817.25,21733.15,21804.5
1411,2024-01-12T09:15:00+05:30,21773.55,21789.15,21715.15,21738.85
1412,2024-01-11T15:15:00+05:30,21646.45,21669.4,21642.3,21665.55
1413,2024-01-11T14:45:00+05:30,21647.15,21664.9,21630.75,21646.6
1414,2024-01-11T14:15:00+05:30,21605.9,21662.0,21593.75,21647.45
1415,2024-01-11T13:45:00+05:30,21663.8,21672.85,21594.05,21606.3
1416,2024-01-11T13:15:00+05:30,21673.85,21679.2,21653.35,21664.25
1417,2024-01-11T12:45:00+05:30,21671.0,21681.75,21660.6,21673.35
1418,2024-01-11T12:15:00+05:30,21657.2,21674.65,21651.2,21671.2
1419,2024-01-11T11:45:00+05:30,21663.7,21670.6,21656.1,21657.15
1420,2024-01-11T11:15:00+05:30,21655.3,21667.3,21643.95,21663.8
1421,2024-01-11T10:45:00+05:30,21663.2,21667.65,21630.4,21654.85
1422,2024-01-11T10:15:00+05:30,21672.4,21683.35,21641.2,21664.15
1423,2024-01-11T09:45:00+05:30,21683.1,21689.6,21654.7,21672.15
1424,2024-01-11T09:15:00+05:30,21688.0,21726.5,21674.05,21683.15
1425,2024-01-10T15:15:00+05:30,21608.0,21632.55,21607.05,21623.8
1426,2024-01-10T14:45:00+05:30,21568.6,21641.85,21559.55,21609.2
1427,2024-01-10T14:15:00+05:30,21531.95,21581.75,21509.85,21569.4
1428,2024-01-10T13:45:00+05:30,21502.5,21541.95,21488.35,21531.9
1429,2024-01-10T13:15:00+05:30,21510.55,21515.5,21479.75,21502.3
1430,2024-01-10T12:45:00+05:30,21504.05,21525.05,21468.45,21510.3
1431,2024-01-10T12:15:00+05:30,21522.1,21532.45,21503.5,21503.5
1432,2024-01-10T11:45:00+05:30,21549.85,21553.1,21505.8,21522.65
1433,2024-01-10T11:15:00+05:30,21542.65,21559.25,21531.6,21549.15
1434,2024-01-10T10:45:00+05:30,21529.25,21542.95,21512.1,21542.25
1435,2024-01-10T10:15:00+05:30,21542.7,21573.9,21523.4,21529.8
1436,2024-01-10T09:45:00+05:30,21559.25,21564.8,21512.0,21541.85
1437,2024-01-10T09:15:00+05:30,21529.3,21564.5,21448.65,21558.6
1438,2024-01-09T15:15:00+05:30,21543.2,21558.1,21517.85,21552.3
1439,2024-01-09T14:45:00+05:30,21556.5,21585.7,21533.1,21542.05
1440,2024-01-09T14:15:00+05:30,21656.6,21661.9,21545.95,21555.25
1441,2024-01-09T13:45:00+05:30,21702.3,21704.75,21649.0,21655.4
1442,2024-01-09T13:15:00+05:30,21706.8,21714.2,21694.3,21701.45
1443,2024-01-09T12:45:00+05:30,21704.9,21720.7,21702.8,21706.35
1444,2024-01-09T12:15:00+05:30,21691.6,21724.45,21688.25,21704.05
1445,2024-01-09T11:45:00+05:30,21696.8,21713.4,21683.55,21690.4
1446,2024-01-09T11:15:00+05:30,21694.9,21702.1,21676.0,21695.15
1447,2024-01-09T10:45:00+05:30,21707.6,21712.55,21675.95,21695.85
1448,2024-01-09T10:15:00+05:30,21657.15,21710.1,21653.9,21707.8
1449,2024-01-09T09:45:00+05:30,21606.6,21658.95,21594.45,21657.35
1450,2024-01-09T09:15:00+05:30,21653.6,21673.65,21602.35,21607.7
1451,2024-01-08T15:15:00+05:30,21507.9,21517.0,21492.9,21511.1
1452,2024-01-08T14:45:00+05:30,21526.1,21541.55,21499.05,21507.3
1453,2024-01-08T14:15:00+05:30,21586.9,21592.8,21515.5,21527.15
1454,2024-01-08T13:45:00+05:30,21562.15,21599.8,21552.3,21587.2
1455,2024-01-08T13:15:00+05:30,21575.55,21596.65,21557.9,21562.2
1456,2024-01-08T12:45:00+05:30,21600.75,21603.2,21566.05,21575.8
1457,2024-01-08T12:15:00+05:30,21585.8,21611.25,21577.6,21601.4
1458,2024-01-08T11:45:00+05:30,21638.7,21640.5,21552.75,21586.15
1459,2024-01-08T11:15:00+05:30,21620.3,21643.15,21605.2,21639.35
1460,2024-01-08T10:45:00+05:30,21678.45,21683.95,21600.05,21620.0
1461,2024-01-08T10:15:00+05:30,21692.85,21724.5,21676.15,21678.6
1462,2024-01-08T09:45:00+05:30,21669.4,21697.85,21644.75,21692.9
1463,2024-01-08T09:15:00+05:30,21747.6,21763.95,21655.2,21670.35
1464,2024-01-05T15:15:00+05:30,21715.6,21720.4,21681.7,21705.35
1465,2024-01-05T14:45:00+05:30,21679.1,21725.45,21678.1,21715.1
1466,2024-01-05T14:15:00+05:30,21649.55,21680.15,21629.2,21679.2
1467,2024-01-05T13:45:00+05:30,21680.85,21683.05,21642.9,21649.2
1468,2024-01-05T13:15:00+05:30,21695.7,21699.45,21669.45,21680.1
1469,2024-01-05T12:45:00+05:30,21690.5,21700.15,21678.25,21695.85
1470,2024-01-05T12:15:00+05:30,21690.65,21706.3,21685.55,21689.85
1471,2024-01-05T11:45:00+05:30,21682.7,21699.45,21665.9,21690.7
1472,2024-01-05T11:15:00+05:30,21692.4,21695.95,21666.0,21682.85
1473,2024-01-05T10:45:00+05:30,21705.35,21705.45,21668.7,21693.15
1474,2024-01-05T10:15:00+05:30,21730.35,21742.85,21701.15,21705.4
1475,2024-01-05T09:45:00+05:30,21728.55,21744.05,21719.6,21728.95
1476,2024-01-05T09:15:00+05:30,21705.75,21749.6,21698.2,21727.6
1477,2024-01-04T15:15:00+05:30,21651.1,21685.65,21650.0,21668.6
1478,2024-01-04T14:45:00+05:30,21645.15,21663.9,21643.25,21651.75
1479,2024-01-04T14:15:00+05:30,21654.95,21660.1,21638.65,21644.7
1480,2024-01-04T13:45:00+05:30,21665.45,21670.4,21648.9,21654.7
1481,2024-01-04T13:15:00+05:30,21667.85,21674.3,21651.3,21665.9
1482,2024-01-04T12:45:00+05:30,21665.55,21672.7,21656.75,21668.45
1483,2024-01-04T12:15:00+05:30,21642.8,21668.75,21641.0,21667.15
1484,2024-01-04T11:45:00+05:30,21641.75,21650.45,21639.1,21642.1
1485,2024-01-04T11:15:00+05:30,21650.5,21659.35,21635.75,21641.55
1486,2024-01-04T10:45:00+05:30,21637.65,21653.25,21626.7,21650.75
1487,2024-01-04T10:15:00+05:30,21631.3,21649.05,21628.5,21636.65
1488,2024-01-04T09:45:00+05:30,21610.95,21634.2,21591.75,21631.5
1489,2024-01-04T09:15:00+05:30,21605.8,21624.8,21564.55,21611.55
1490,2024-01-03T15:15:00+05:30,21515.85,21528.3,21500.35,21526.15
1491,2024-01-03T14:45:00+05:30,21542.9,21567.25,21508.85,21515.1
1492,2024-01-03T14:15:00+05:30,21571.85,21572.15,21530.45,21542.95
1493,2024-01-03T13:45:00+05:30,21572.7,21584.4,21561.0,21572.05
1494,2024-01-03T13:15:00+05:30,21572.3,21583.15,21556.65,21571.55
1495,2024-01-03T12:45:00+05:30,21548.05,21573.85,21539.7,21571.7
1496,2024-01-03T12:15:00+05:30,21570.3,21576.5,21519.7,21547.7
1497,2024-01-03T11:45:00+05:30,21574.75,21591.45,21557.0,21569.15
1498,2024-01-03T11:15:00+05:30,21567.95,21580.3,21548.15,21574.15
1499,2024-01-03T10:45:00+05:30,21561.45,21574.75,21549.45,21567.55
1500,2024-01-03T10:15:00+05:30,21585.8,21589.45,21538.75,21562.7
1501,2024-01-03T09:45:00+05:30,21559.65,21596.8,21556.7,21586.4
1502,2024-01-03T09:15:00+05:30,21661.1,21677.0,21559.5,21561.05
1503,2024-01-02T15:15:00+05:30,21661.55,21673.6,21657.0,21660.25
1504,2024-01-02T14:45:00+05:30,21670.1,21692.7,21642.8,21661.05
1505,2024-01-02T14:15:00+05:30,21662.6,21687.55,21633.0,21670.3
1506,2024-01-02T13:45:00+05:30,21631.8,21668.35,21624.55,21662.35
1507,2024-01-02T13:15:00+05:30,21613.95,21642.4,21611.15,21632.7
1508,2024-01-02T12:45:00+05:30,21641.05,21644.0,21601.7,21613.9
1509,2024-01-02T12:15:00+05:30,21613.7,21649.05,21613.5,21640.6
1510,2024-01-02T11:45:00+05:30,21598.25,21620.45,21586.5,21612.4
1511,2024-01-02T11:15:00+05:30,21587.55,21613.45,21571.95,21597.7
1512,2024-01-02T10:45:00+05:30,21590.95,21621.1,21582.0,21588.4
1513,2024-01-02T10:15:00+05:30,21660.9,21668.75,21555.65,21590.1
1514,2024-01-02T09:45:00+05:30,21738.4,21739.45,21626.5,21661.75
1515,2024-01-02T09:15:00+05:30,21751.35,21755.6,21699.0,21736.9
1516,2024-01-01T15:15:00+05:30,21725.95,21736.25,21680.85,21685.35
1517,2024-01-01T14:45:00+05:30,21816.3,21834.35,21719.9,21725.3
1518,2024-01-01T14:15:00+05:30,21792.2,21818.95,21785.75,21817.3
1519,2024-01-01T13:45:00+05:30,21744.15,21793.9,21742.55,21792.65
1520,2024-01-01T13:15:00+05:30,21737.75,21756.4,21736.75,21742.7
1521,2024-01-01T12:45:00+05:30,21735.55,21751.3,21732.55,21737.95
1522,2024-01-01T12:15:00+05:30,21741.15,21746.0,21711.3,21735.2
1523,2024-01-01T11:45:00+05:30,21731.1,21743.85,21719.5,21742.5
1524,2024-01-01T11:15:00+05:30,21740.95,21748.8,21728.8,21731.25
1525,2024-01-01T10:45:00+05:30,21728.45,21742.65,21723.5,21741.25
1526,2024-01-01T10:15:00+05:30,21709.6,21730.95,21695.3,21726.75
1527,2024-01-01T09:45:00+05:30,21705.4,21737.65,21702.85,21709.65
1528,2024-01-01T09:15:00+05:30,21727.75,21737.35,21684.05,21706.05
